"collectionId","criterionUrl","picker","publishedOn","recordedOn","title","url"
"419","https://www.criterion.com/shop/collection/419-joanna-hogg-s-closet-picks","Joanna Hogg","2021-07-14","2018-02-27","Joanna Hogg’s Closet Picks","https://www.youtube.com/watch?v=d1BCAKfsoDk"
"420","https://www.criterion.com/shop/collection/420-rodarte-s-closet-picks","Rodarte","2021-09-24","2018-07-13","Rodarte’s Closet Picks","https://www.youtube.com/watch?v=E-drTe77WU8"
"421","https://www.criterion.com/shop/collection/421-kemp-powers-s-closet-picks","Kemp Powers","2021-12-10","2021-11-10","Kemp Powers’s Closet Picks","https://www.youtube.com/watch?v=T2v6g61FgQU"
"422","https://www.criterion.com/shop/collection/422-john-waters-closet-picks","John Water","2019-09-19","2017-07-26","John Waters’ Closet Picks","https://www.youtube.com/watch?v=std013XVxSk"
"423","https://www.criterion.com/shop/collection/423-m-i-a-and-stephen-loveridge-s-closet-picks","M.I.A. and Stephen Loveridge","2018-10-31","2017-11-24","M.I.A. and Stephen Loveridge’s Closet Picks","https://www.youtube.com/watch?v=08UA7zgLanc"
"424","https://www.criterion.com/shop/collection/424-ben-sinclair-s-closet-picks","Ben Sinclair","2020-03-02","2018-07-22","Ben Sinclair’s Closet Picks","https://www.youtube.com/watch?v=dydNJiJ8dCA"
"425","https://www.criterion.com/shop/collection/425-richard-e-grant-s-closet-picks","Richard E. Grant","2019-03-15","2018-01-14","Richard E. Grant’s Closet Picks","https://www.youtube.com/watch?v=OpuQ4-CCct4"
"426","https://www.criterion.com/shop/collection/426-colin-quinn-s-closet-picks","Colin Quinn","2021-11-09","2021-10-12","Colin Quinn’s Closet Picks","https://www.youtube.com/watch?v=suNwxjzS6a8"
"427","https://www.criterion.com/shop/collection/427-nathan-lane-s-closet-picks","Nathan Lane","2021-06-10","2021-04-26","Nathan Lane’s Closet Picks","https://www.youtube.com/watch?v=iQfYMeRjR1g"
"428","https://www.criterion.com/shop/collection/428-claire-denis-closet-picks","Claire Deni","2018-08-08","2017-10-02","Claire Denis’ Closet Picks","https://www.youtube.com/watch?v=60ANFzjSnLo"
"429","https://www.criterion.com/shop/collection/429-john-sayles-s-closet-picks","John Sayles","2019-11-04","2018-03-24","John Sayles’s Closet Picks","https://www.youtube.com/watch?v=g4SrBi2bYiM"
"430","https://www.criterion.com/shop/collection/430-jenni-olson-s-closet-picks","Jenni Olson","2020-08-19","2018-07-03","Jenni Olson’s Closet Picks","https://www.youtube.com/watch?v=oJt67JhZ1EI"
"431","https://www.criterion.com/shop/collection/431-kim-cattrall-s-closet-picks","Kim Cattrall","2019-08-27","2018-02-13","Kim Cattrall’s Closet Picks","https://www.youtube.com/watch?v=o2Lj-2N2EPQ"
"432","https://www.criterion.com/shop/collection/432-gaspar-noe-s-closet-picks","Gaspar Noé","2015-11-05","2015-07-05","Gaspar Noé’s Closet Picks","https://www.youtube.com/watch?v=U_2R7T4-78E"
"433","https://www.criterion.com/shop/collection/433-john-dwyer-s-closet-picks","John Dwyer","2020-09-25","2018-05-11","John Dwyer’s Closet Picks","https://www.youtube.com/watch?v=g_sFEPf61_g"
"434","https://www.criterion.com/shop/collection/434-peter-sarsgaard-s-closet-picks","Peter Sarsgaard","2019-12-18","2019-12-18","Peter Sarsgaard’s Closet Picks","https://www.youtube.com/watch?v=5YxJY2W4b4U"
"435","https://www.criterion.com/shop/collection/435-desiree-akhavan-s-closet-picks","Desiree Akhavan","2020-07-07","2018-06-19","Desiree Akhavan’s Closet Picks","https://www.youtube.com/watch?v=hQWo5_ZJct8"
"436","https://www.criterion.com/shop/collection/436-matthew-modine-s-closet-picks","Matthew Modine","2021-01-15","2018-05-26","Matthew Modine’s Closet Picks","https://www.youtube.com/watch?v=Gugp7YzVuC4"
"437","https://www.criterion.com/shop/collection/437-james-l-brooks-s-closet-picks","James L. Brooks","2021-03-22","2017-12-06","James L. Brooks’s Closet Picks","https://www.youtube.com/watch?v=HRr5Ivc40CI"
"438","https://www.criterion.com/shop/collection/438-flying-lotus-s-closet-picks","Flying Lotus","2018-01-18","2017-03-19","Flying Lotus’s Closet Picks","https://www.youtube.com/watch?v=MAysUV9xN6c"
"439","https://www.criterion.com/shop/collection/439-lucrecia-martel-s-closet-picks","Lucrecia Martel","2018-09-18","2017-09-17","Lucrecia Martel’s Closet Picks","https://www.youtube.com/watch?v=iwhenYVvCVE"
"440","https://www.criterion.com/shop/collection/440-euzhan-palcy-s-closet-picks","Euzhan Palcy","2019-04-25","2017-11-05","Euzhan Palcy’s Closet Picks","https://www.youtube.com/watch?v=L5P4n_sxkA0"
"441","https://www.criterion.com/shop/collection/441-isabel-sandoval-s-closet-picks","Isabel Sandoval","2021-05-03","2021-02-16","Isabel Sandoval’s Closet Picks","https://www.youtube.com/watch?v=NySo5Sggpu0"
"442","https://www.criterion.com/shop/collection/442-terry-gilliam-s-closet-picks","Terry Gilliam","2019-05-10","2018-01-27","Terry Gilliam’s Closet Picks","https://www.youtube.com/watch?v=926c1196Pnk"
"443","https://www.criterion.com/shop/collection/443-five-comics-closet-picks","Five Comic","2019-02-13","2019-01-24","Five Comics’ Closet Picks","https://www.youtube.com/watch?v=d7zuU2a_Tt4"
"445","https://www.criterion.com/shop/collection/445-marco-bellocchio-s-closet-picks","Marco Bellocchio","2020-02-04","2019-10-07","Marco Bellocchio’s Closet Picks","https://www.youtube.com/watch?v=3xJ0c1haJfc"
"446","https://www.criterion.com/shop/collection/446-ethan-hawke-and-jonathan-marc-sherman-s-closet-picks","Ethan Hawke and Jonathan Marc Sherman","2018-03-22","2017-05-22","Ethan Hawke and Jonathan Marc Sherman’s Closet Picks","https://www.youtube.com/watch?v=ETrJUaoa1Zc"
"447","https://www.criterion.com/shop/collection/447-paul-dano-s-closet-picks","Paul Dano","2019-06-26","2017-11-14","Paul Dano’s Closet Picks","https://www.youtube.com/watch?v=1dWuslij1o8"
"448","https://www.criterion.com/shop/collection/448-tavi-gevinson-s-closet-picks","Tavi Gevinson","2018-05-16","2017-06-30","Tavi Gevinson’s Closet Picks","https://www.youtube.com/watch?v=6hSwRskOwdU"
"449","https://www.criterion.com/shop/collection/449-jacqueline-novak-and-john-early-s-closet-picks","Jacqueline Novak and John Early","2019-08-01","2018-04-05","Jacqueline Novak and John Early’s Closet Picks","https://www.youtube.com/watch?v=k9c6EUVVWjU"
"451","https://www.criterion.com/shop/collection/451-anna-karina-s-closet-picks","Anna Karina","2016-05-13","2016-05-01","Anna Karina’s Closet Picks","https://www.youtube.com/watch?v=uZvRtwCQs44"
"452","https://www.criterion.com/shop/collection/452-chris-eigeman-s-closet-picks","Chris Eigeman","2016-04-22","2016-04-15","Chris Eigeman’s Closet Picks","https://www.youtube.com/watch?v=3ubQAunfwdo"
"453","https://www.criterion.com/shop/collection/453-joachim-trier-s-closet-picks","Joachim Trier","2016-04-15","2016-03-31","Joachim Trier’s Closet Picks","https://www.youtube.com/watch?v=qF3qYnnuGxI"
"454","https://www.criterion.com/shop/collection/454-leslie-harris-s-closet-picks","Leslie Harris","2019-11-27","2018-04-27","Leslie Harris’s Closet Picks","https://www.youtube.com/watch?v=Uk53DeosP00"
"455","https://www.criterion.com/shop/collection/455-karina-longworth-s-closet-picks","Karina Longworth","2020-04-23","2017-12-20","Karina Longworth’s Closet Picks","https://www.youtube.com/watch?v=AHUyj4kFmF4"
"457","https://www.criterion.com/shop/collection/457-alicia-malone-s-closet-picks","Alicia Malone","2017-08-23","2017-02-19","Alicia Malone’s Closet Picks","https://www.youtube.com/watch?v=7QT96iMk0Kw"
"458","https://www.criterion.com/shop/collection/458-sean-baker-s-closet-picks","Sean Baker","2015-12-07","2015-07-31","Sean Baker’s Closet Picks","https://www.youtube.com/watch?v=lCv5MnpDqYc"
"461","https://www.criterion.com/shop/collection/461-cristian-mungiu-s-closet-picks","Cristian Mungiu","2018-07-11","2016-08-26","Cristian Mungiu’s Closet Picks","https://www.youtube.com/watch?v=8gxFRWp4gVU"
"462","https://www.criterion.com/shop/collection/462-asif-kapadia-s-closet-picks","Asif Kapadia","2016-02-25","2014-12-06","Asif Kapadia’s Closet Picks","https://www.youtube.com/watch?v=fIj80K2AGnY"
"463","https://www.criterion.com/shop/collection/463-laurie-anderson-s-closet-picks","Laurie Anderson","2015-10-22","2015-06-19","Laurie Anderson's Closet Picks","https://www.youtube.com/watch?v=Kc9_lqHmNsg"
"464","https://www.criterion.com/shop/collection/464-charlotte-rampling-and-andrew-haigh-s-closet-picks","Charlotte Rampling and Andrew Haigh","2015-12-23","2015-08-01","Charlotte Rampling and Andrew Haigh’s Closet Picks","https://www.youtube.com/watch?v=F3-hyGZuyqk"
"465","https://www.criterion.com/shop/collection/465-amy-heckerling-s-closet-picks","Amy Heckerling","2017-04-04","2016-05-05","Amy Heckerling’s Closet Picks","https://www.youtube.com/watch?v=jsmRYmwB_HU"
"466","https://www.criterion.com/shop/collection/466-tim-robbins-s-closet-picks","Tim Robbins","2016-10-17","2016-08-11","Tim Robbins’s Closet Picks","https://www.youtube.com/watch?v=Ylv_adLFI9M"
"467","https://www.criterion.com/shop/collection/467-yorgos-lanthimos-ariane-labed-s-closet-picks","Yorgos Lanthimos & Ariane Labed","2016-05-13","2015-06-10","Yorgos Lanthimos & Ariane Labed’s Closet Picks","https://www.youtube.com/watch?v=3QAY9OY-ho4"
"469","https://www.criterion.com/shop/collection/469-phil-rosenthal-s-closet-picks","Phil Rosenthal","2017-03-09","2016-09-19","Phil Rosenthal’s Closet Picks","https://www.youtube.com/watch?v=fkS1CpXhv9c"
"470","https://www.criterion.com/shop/collection/470-barry-jenkins-s-closet-picks","Barry Jenkins","2017-01-24","2016-09-24","Barry Jenkins’s Closet Picks","https://www.youtube.com/watch?v=R7HLpe65fHY"
"471","https://www.criterion.com/shop/collection/471-ben-wheatley-s-closet-picks","Ben Wheatley","2017-05-03","2017-01-07","Ben Wheatley’s Closet Picks","https://www.youtube.com/watch?v=vago4fXtJvw"
"472","https://www.criterion.com/shop/collection/472-agnes-varda-s-closet-picks","Agnès Varda","2017-10-04","2015-06-17","Agnès Varda’s Closet Picks","https://www.youtube.com/watch?v=s7Jx0Pjq_kQ"
"473","https://www.criterion.com/shop/collection/473-matias-pineiro-s-closet-picks","Matías Piñeiro","2017-05-24","2016-09-01","Matías Piñeiro’s Closet Picks","https://www.youtube.com/watch?v=fZB0eT4ayzY"
"474","https://www.criterion.com/shop/collection/474-aubrey-plaza-and-jeff-baena-s-closet-picks","Aubrey Plaza and Jeff Baena","2017-07-17","2017-07-05","Aubrey Plaza and Jeff Baena’s Closet Picks","https://www.youtube.com/watch?v=b78bW2EoXeM"
"475","https://www.criterion.com/shop/collection/475-barry-levinson-s-closet-picks","Barry Levinson","2017-06-12","2016-11-11","Barry Levinson’s Closet Picks","https://www.youtube.com/watch?v=cqr3e6m8DGY"
"476","https://www.criterion.com/shop/collection/476-josh-and-benny-safdie-s-closet-picks","Josh and Benny Safdie","2017-09-11","2017-03-30","Josh and Benny Safdie’s Closet Picks","https://www.youtube.com/watch?v=jSdxbBsShak"
"477","https://www.criterion.com/shop/collection/477-lee-unkrich-s-closet-picks","Lee Unkrich","2018-02-13","2017-07-04","Lee Unkrich’s Closet Picks","https://www.youtube.com/watch?v=WnO5_ZfUDoM"
"478","https://www.criterion.com/shop/collection/478-alexander-payne-s-closet-picks","Alexander Payne","2017-12-06","2017-04-16","Alexander Payne’s Closet Picks","https://www.youtube.com/watch?v=vMypwNZ2JBI"
"479","https://www.criterion.com/shop/collection/479-laura-albert-jeff-feuerzeig-s-closet-picks","Laura Albert & Jeff Feuerzeig","2016-09-09","2016-09-08","Laura Albert & Jeff Feuerzeig’s Closet Picks","https://www.youtube.com/watch?v=5sDoDOWAflY"
"480","https://www.criterion.com/shop/collection/480-theodore-witcher-s-closet-picks","Theodore Witcher","2022-03-31","2021-11-23","Theodore Witcher’s Closet Picks","https://www.youtube.com/watch?v=t4XEKJ9mI9A"
"481","https://www.criterion.com/shop/collection/481-garrett-bradley-s-closet-picks","Garrett Bradley","2022-02-24","2021-10-07","Garrett Bradley’s Closet Picks","https://www.youtube.com/watch?v=U7QE6yAGyqc"
"482","https://www.criterion.com/shop/collection/482-charlotte-gainsbourg-s-closet-picks","Charlotte Gainsbourg","2022-05-06","2022-03-17","Charlotte Gainsbourg’s Closet Picks","https://www.youtube.com/watch?v=y10-tjb5Y5w"
"483","https://www.criterion.com/shop/collection/483-sarita-choudhury-s-closet-picks","Sarita Choudhury","2022-04-15","2022-04-05","Sarita Choudhury’s Closet Picks","https://www.youtube.com/watch?v=wjnW5iZwo9Q"
"484","https://www.criterion.com/shop/collection/484-renate-reinsve-s-closet-picks","Renate Reinsve","2022-06-30","2022-02-01","Renate Reinsve’s Closet Picks","https://www.youtube.com/watch?v=FAhUrrvwWPQ"
"485","https://www.criterion.com/shop/collection/485-owen-kline-s-closet-picks","Owen Kline","2016-12-02","2016-12-02","Owen Kline’s Closet Picks","https://www.youtube.com/watch?v=zrllJjiEYg8"
"486","https://www.criterion.com/shop/collection/486-cate-blanchett-and-todd-field-s-closet-picks","Cate Blanchett and Todd Field","2022-10-26","2022-10-04","Cate Blanchett and Todd Field’s Closet Picks","https://www.youtube.com/watch?v=K_rAKw7q6RY"
"487","https://www.criterion.com/shop/collection/487-kyle-maclachlan-s-closet-picks","Kyle MacLachlan","2022-09-06","2022-08-15","Kyle MacLachlan’s Closet Picks","https://www.youtube.com/watch?v=gzdBFeaNFSA"
"488","https://www.criterion.com/shop/collection/488-bill-hader-s-closet-picks-2011","Bill Hader","2011-04-19","2011-03-02","Bill Hader’s Closet Picks (2011)","https://www.youtube.com/watch?v=348qOuXOAXo"
"489","https://www.criterion.com/shop/collection/489-robert-downey-sr-s-closet-picks","Robert Downey Sr.","2011-09-12","2011-09-12","Robert Downey Sr.’s Closet Picks","https://www.youtube.com/watch?v=ZHBVH6ut2k8"
"490","https://www.criterion.com/shop/collection/490-edgar-wright-s-closet-picks","Edgar Wright","2015-03-04","2014-02-01","Edgar Wright’s Closet Picks","https://www.youtube.com/watch?v=M99gL8IBMZw"
"491","https://www.criterion.com/shop/collection/491-michael-cera-s-closet-picks-2014","Michael Cera","2015-06-23","2014-05-19","Michael Cera’s Closet Picks (2014)","https://www.youtube.com/watch?v=5CODR5TU8RM"
"492","https://www.criterion.com/shop/collection/492-gina-prince-bythewood-s-closet-picks","Gina Prince-Bythewood","2022-09-19","2022-09-12","Gina Prince-Bythewood's Closet Picks","https://www.youtube.com/watch?v=42NzYofW5eM"
"493","https://www.criterion.com/shop/collection/493-wilco-s-closet-picks","Wilco","2022-08-19","2022-04-20","Wilco’s Closet Picks","https://www.youtube.com/watch?v=jhkXwYOwU5g"
"494","https://www.criterion.com/shop/collection/494-saul-williams-and-anisia-uzeyman-s-closet-picks","Saul Williams and Anisia Uzeyman","2022-10-05","2022-06-02","Saul Williams and Anisia Uzeyman’s Closet Picks","https://www.youtube.com/watch?v=Wn1Yh3N0zjA"
"509","https://www.criterion.com/shop/collection/509-marc-maron-s-closet-picks","Marc Maron","2022-12-07","2022-10-13","Marc Maron’s Closet Picks","https://www.youtube.com/watch?v=giq9THI1RSU"
"510","https://www.criterion.com/shop/collection/510-sally-potter-s-closet-picks","Sally Potter","2022-11-18","2022-10-06","Sally Potter’s Closet Picks","https://www.youtube.com/watch?v=LIBhzriiG-g"
"511","https://www.criterion.com/shop/collection/511-ron-shelton-s-closet-picks","Ron Shelton","2022-11-03","2022-07-27","Ron Shelton’s Closet Picks","https://www.youtube.com/watch?v=Ubj-944IcYI"
"512","https://www.criterion.com/shop/collection/512-amir-naderi-s-closet-picks","Amir Naderi","2022-12-15","2022-11-08","Amir Naderi’s Closet Picks","https://www.youtube.com/watch?v=hDgU4rZRnGs"
"513","https://www.criterion.com/shop/collection/513-jerzy-skolimowski-s-closet-picks","Jerzy Skolimowski","2022-12-09","2023-06-14","Jerzy Skolimowski’s Closet Picks","https://www.youtube.com/watch?v=VC-4KKe3WGM"
"514","https://www.criterion.com/shop/collection/514-frederick-wiseman-s-closet-picks","Frederick Wiseman","2022-11-09","2022-10-05","Frederick Wiseman’s Closet Picks","https://www.youtube.com/watch?v=kOpRVNqOZUA"
"515","https://www.criterion.com/shop/collection/515-elvis-mitchell-s-closet-picks","Elvis Mitchell","2022-11-11","2022-10-01","Elvis Mitchell’s Closet Picks","https://www.youtube.com/watch?v=eF2QMmh_l1M"
"516","https://www.criterion.com/shop/collection/516-rodrigo-prieto-s-closet-picks","Rodrigo Prieto","2023-01-02","2022-09-23","Rodrigo Prieto’s Closet Picks","https://www.youtube.com/watch?v=YQ8h7cyDr1Q"
"517","https://www.criterion.com/shop/collection/517-vicky-krieps-s-closet-picks","Vicky Krieps","2022-12-22","2022-10-02","Vicky Krieps’s Closet Picks","https://www.youtube.com/watch?v=mAanJ3WWKjw"
"519","https://www.criterion.com/shop/collection/519-elegance-bratton-s-closet-picks","Elegance Bratton","2023-01-10","2022-10-21","Elegance Bratton’s Closet Picks","https://www.youtube.com/watch?v=7eZDsZWqrBE"
"520","https://www.criterion.com/shop/collection/520-charlotte-wells-s-closet-picks","Charlotte Wells","2023-01-18","2022-10-11","Charlotte Wells’s Closet Picks","https://www.youtube.com/watch?v=4uIXEiSB87I"
"521","https://www.criterion.com/shop/collection/521-john-darnielle-s-closet-picks","John Darnielle","2023-01-25","2022-08-31","John Darnielle’s Closet Picks","https://www.youtube.com/watch?v=8xngHLBEXnE"
"522","https://www.criterion.com/shop/collection/522-daniels-closet-picks","Daniel","2023-02-03","2022-11-30","Daniels’ Closet Picks","https://www.youtube.com/watch?v=ZpZXgO_3vN4"
"525","https://www.criterion.com/shop/collection/525-alec-baldwin-s-closet-picks","Alec Baldwin","2013-05-09","2011-07-01","Alec Baldwin’s Closet Picks","https://www.youtube.com/watch?v=aRQ4DRUIJBc"
"526","https://www.criterion.com/shop/collection/526-alfonso-cuaron-and-pawel-pawlikowski-s-closet-picks","Alfonso Cuarón and Paweł Pawlikowski","2013-10-04","2013-10-04","Alfonso Cuarón and Paweł Pawlikowski’s Closet Picks","https://www.youtube.com/watch?v=BGvcB42YnM8"
"527","https://www.criterion.com/shop/collection/527-floyd-norman-s-closet-picks","Floyd Norman","2023-02-13","2022-11-03","Floyd Norman’s Closet Picks","https://www.youtube.com/watch?v=mSuVyxoy6Hw"
"528","https://www.criterion.com/shop/collection/528-andre-bonzel-s-closet-picks","André Bonzel","2011-11-03","2011-10-01","André Bonzel’s Closet Picks","https://www.youtube.com/watch?v=M0vs4ni4Tuo"
"529","https://www.criterion.com/shop/collection/529-andre-gregory-and-wallace-shawn-s-closet-picks","André Gregory and Wallace Shawn","2015-06-10","2014-05-10","André Gregory and Wallace Shawn’s Closet Picks","https://www.youtube.com/watch?v=xjMy2RSgBAo"
"530","https://www.criterion.com/shop/collection/530-bong-joon-ho-s-closet-picks","Bong Joon Ho","2014-07-08","2014-06-27","Bong Joon Ho’s Closet Picks","https://www.youtube.com/watch?v=qBgZQCkUp7E"
"532","https://www.criterion.com/shop/collection/532-sara-dosa-s-closet-picks","Sara Dosa","2023-02-24","2023-01-31","Sara Dosa’s Closet Picks","https://www.youtube.com/watch?v=-thqiKKZack"
"535","https://www.criterion.com/shop/collection/535-cauleen-smith-s-closet-picks","Cauleen Smith","2023-03-16","2022-10-03","Cauleen Smith’s Closet Picks","https://www.youtube.com/watch?v=aYvCHrvbWLs"
"536","https://www.criterion.com/shop/collection/536-pauline-chalamet-s-closet-picks","Pauline Chalamet","2023-03-29","2022-11-09","Pauline Chalamet’s Closet Picks","https://www.youtube.com/watch?v=muWBBWZpd4Q"
"537","https://www.criterion.com/shop/collection/537-louis-garrel-s-closet-picks","Louis Garrel","2016-08-31","2016-03-07","Louis Garrel’s Closet Picks","https://www.youtube.com/watch?v=c2Xf_iXTjXg"
"538","https://www.criterion.com/shop/collection/538-mike-leigh-s-closet-picks","Mike Leigh","2014-12-16","2014-12-16","Mike Leigh’s Closet Picks","https://www.youtube.com/watch?v=f31TXhdC-Ps"
"539","https://www.criterion.com/shop/collection/539-minnie-driver-s-closet-picks","Minnie Driver","2022-07-21","2022-05-04","Minnie Driver’s Closet Picks","https://www.youtube.com/watch?v=B-7snPxjLQ8"
"540","https://www.criterion.com/shop/collection/540-richard-ayoade-s-closet-picks","Richard Ayoade","2014-08-04","2013-04-01","Richard Ayoade’s Closet Picks","https://www.youtube.com/watch?v=yNWUQWSFeQ8"
"541","https://www.criterion.com/shop/collection/541-nicolas-winding-refn-s-closet-picks","Nicolas Winding Refn","2013-07-19","2013-07-19","Nicolas Winding Refn’s Closet Picks","https://www.youtube.com/watch?v=WMfI1AVAF_8"
"542","https://www.criterion.com/shop/collection/542-william-friedkin-s-closet-picks","William Friedkin","2014-10-03","2014-09-22","William Friedkin’s Closet Picks","https://www.youtube.com/watch?v=63VRJQYcNn0"
"544","https://www.criterion.com/shop/collection/544-ari-aster-s-closet-picks-2023","Ari Aster","2023-04-20","2023-04-01","Ari Aster’s Closet Picks 2023","https://www.youtube.com/watch?v=psV-DcsnU1Y"
"548","https://www.criterion.com/shop/collection/548-charlie-day-s-closet-picks","Charlie Day","2023-05-09","2023-04-04","Charlie Day’s Closet Picks","https://www.youtube.com/watch?v=lQMK7yKCaUM"
"550","https://www.criterion.com/shop/collection/550-benjamin-millepied-s-closet-picks","Benjamin Millepied","2023-05-16","2023-04-18","Benjamin Millepied’s Closet Picks","https://www.youtube.com/watch?v=uF970Ynyb3U"
"551","https://www.criterion.com/shop/collection/551-alessandro-borghi-felix-van-groeningen-and-charlotte-vandermeersch-s-closet-picks","Alessandro Borghi, Felix van Groeningen, and Charlotte Vandermeersch","2023-05-19","2023-04-01","Alessandro Borghi, Felix van Groeningen, and Charlotte Vandermeersch’s Closet Picks","https://www.youtube.com/watch?v=gDK8bLi2PoA"
"552","https://www.criterion.com/shop/collection/552-carl-franklin-s-closet-picks","Carl Franklin","2023-05-24","2023-04-23","Carl Franklin’s Closet Picks","https://www.youtube.com/watch?v=PnYhi85VmVE"
"554","https://www.criterion.com/shop/collection/554-gregg-araki-s-closet-picks","Gregg Araki","2023-06-02","2023-04-06","Gregg Araki’s Closet Picks","https://www.youtube.com/watch?v=Nl_6j3NDZjw"
"555","https://www.criterion.com/shop/collection/555-trace-lysette-s-closet-picks","Trace Lysette","2023-06-08","2023-05-11","Trace Lysette’s Closet Picks","https://www.youtube.com/watch?v=oRNgOmL0BuQ"
"556","https://www.criterion.com/shop/collection/556-michael-shannon-s-closet-picks","Michael Shannon","2023-06-14","2023-05-22","Michael Shannon’s Closet Picks","https://www.youtube.com/watch?v=Ewx-oog2kmQ"
"557","https://www.criterion.com/shop/collection/557-yo-la-tengo-s-closet-picks","Yo La Tengo","2023-06-20","2023-01-31","Yo La Tengo’s Closet Picks","https://www.youtube.com/watch?v=IhICyf1kUUw"
"559","https://www.criterion.com/shop/collection/559-susanna-hoffs-s-closet-picks","Susanna Hoffs","2023-06-28","2023-04-03","Susanna Hoffs’s Closet Picks","https://www.youtube.com/watch?v=CUu3VsxUMsw"
"560","https://www.criterion.com/shop/collection/560-agnes-b-s-closet-picks","Agnès B.","2023-07-03","2022-03-11","Agnès B.’s Closet Picks","https://www.youtube.com/watch?v=KnBJbIzYI80"
"561","https://www.criterion.com/shop/collection/561-raul-castillo-s-closet-picks","Raúl Castillo","2023-07-07","2022-11-01","Raúl Castillo’s Closet Picks","https://www.youtube.com/watch?v=FurjMTpCV9s"
"564","https://www.criterion.com/shop/collection/564-rickie-lee-jones-s-closet-picks","Rickie Lee Jones","2023-07-31","2023-04-11","Rickie Lee Jones’s Closet Picks","https://www.youtube.com/watch?v=Ru_7YGRLoG8"
"565","https://www.criterion.com/shop/collection/565-jean-pierre-and-luc-dardenne-s-closet-picks","Jean-Pierre and Luc Dardenne","2023-07-19","2023-03-02","Jean-Pierre and Luc Dardenne’s Closet Picks","https://www.youtube.com/watch?v=6sTDUur1III"
"566","https://www.criterion.com/shop/collection/566-roger-james-deakins-s-closet-picks","Roger & James Deakins","2023-07-11","2023-05-16","Roger & James Deakins’s Closet Picks","https://www.youtube.com/watch?v=juhiRVORJ8o"
"569","https://www.criterion.com/shop/collection/569-mary-harron-s-closet-picks","Mary Harron","2023-08-04","2023-06-05","Mary Harron’s Closet Picks","https://www.youtube.com/watch?v=n4sA7UOBC_c"
"570","https://www.criterion.com/shop/collection/570-christian-petzold-s-closet-picks","Christian Petzold","2023-08-10","2023-07-13","Christian Petzold’s Closet Picks","https://www.youtube.com/watch?v=qnz4FmBO2RY"
"571","https://www.criterion.com/shop/collection/571-anton-corbijn-s-closet-picks","Anton Corbijn","2023-08-17","2023-06-08","Anton Corbijn’s Closet Picks","https://www.youtube.com/watch?v=OTzyn4xNU9M"
"575","https://www.criterion.com/shop/collection/575-park-chan-wook-s-closet-picks","Park Chan-wook","2023-08-10","2022-10-31","Park Chan-wook’s Closet Picks","https://www.criterion.com/shop/collection/575-park-chan-wook-s-closet-picks"
"576","https://www.criterion.com/shop/collection/576-patton-oswalt-s-closet-picks","Patton Oswalt","2023-09-01","2023-06-26","Patton Oswalt’s Closet Picks","https://www.youtube.com/watch?v=fH2lRZJMmSA"
"579","https://www.criterion.com/shop/collection/579-hideo-kojima-s-closet-picks","Hideo Kojima","2023-09-20","2023-06-17","Hideo Kojima’s Closet Picks","https://www.youtube.com/watch?v=YUou0rghddc"
"580","https://www.criterion.com/shop/collection/580-alan-palomo-s-closet-picks","Alan Palomo","2023-09-28","2023-08-25","Alan Palomo’s Closet Picks","https://www.youtube.com/watch?v=OQ0TJ1IkZIo"
"581","https://www.criterion.com/shop/collection/581-udo-kier-s-closet-picks","Udo Kier","2023-10-13","2023-05-19","Udo Kier’s Closet Picks","https://www.youtube.com/watch?v=td4qv7EDOIk"
"582","https://www.criterion.com/shop/collection/582-rebecca-miller-s-closet-picks","Rebecca Miller","2023-10-06","2023-08-01","Rebecca Miller’s Closet Picks","https://www.youtube.com/watch?v=FcyNcbgapbE"
"584","https://www.criterion.com/shop/collection/584-roger-corman-s-closet-picks","Roger Corman","2023-10-20","2023-09-05","Roger Corman’s Closet Picks","https://www.youtube.com/watch?v=-paCwBPzHX0"
"585","https://www.criterion.com/shop/collection/585--luis-guzman-s-closet-picks","​Luis Guzmán","2023-10-27","2023-10-06","​Luis Guzmán’s Closet Picks","https://www.youtube.com/watch?v=_aBjtyBHnY4"
"587","https://www.criterion.com/shop/collection/587-alden-ehrenreich-s-closet-picks","Alden Ehrenreich","2023-11-03","2023-10-09","Alden Ehrenreich’s Closet Picks","https://www.youtube.com/watch?v=Q47Wpmx2dDI"
"588","https://www.criterion.com/shop/collection/588-paul-b-preciado-s-closet-picks","Paul B. Preciado","2023-11-10","2023-10-03","Paul B. Preciado’s Closet Picks","https://www.youtube.com/watch?v=XqDpc-bnT_U"
"589","https://www.criterion.com/shop/collection/589-tyler-mitchell-s-closet-picks","Tyler Mitchell","2023-11-17","2023-09-18","Tyler Mitchell’s Closet Picks","https://www.youtube.com/watch?v=Xupq6TR3Q9Y"
"590","https://www.criterion.com/shop/collection/590-raven-jackson-s-closet-picks","Raven Jackson","2023-11-30","2023-10-11","Raven Jackson’s Closet Picks","https://www.youtube.com/watch?v=pDr2Ptl1ce8"
"591","https://www.criterion.com/shop/collection/591-todd-haynes-s-closet-picks","Todd Haynes","2023-11-22","2023-10-20","Todd Haynes’s Closet Picks","https://www.youtube.com/watch?v=9-xwsIW_otg"
"592","https://www.criterion.com/shop/collection/592-mark-bridges-s-closet-picks","Mark Bridges","2023-12-04","2023-10-04","Mark Bridges’s Closet Picks","https://www.youtube.com/watch?v=picqoIogsxQ"
"594","https://www.criterion.com/shop/collection/594-hari-nef-s-closet-picks","Hari Nef","2023-12-21","2023-06-06","Hari Nef’s Closet Picks","https://www.youtube.com/watch?v=DtFFk4V4YJs"
"595","https://www.criterion.com/shop/collection/595-jason-schwartzman-s-closet-picks","Jason Schwartzman","2024-01-01","2023-06-14","Jason Schwartzman’s Closet Picks","https://www.youtube.com/watch?v=92yxBp7tce4"
"597","https://www.criterion.com/shop/collection/597-the-quay-brothers-closet-picks","The Quay Brother","2022-11-11","2012-08-03","The Quay Brothers’ Closet Picks","https://www.youtube.com/watch?v=y7JQUoUcE20"
"598","https://www.criterion.com/shop/collection/598-guy-maddin-s-closet-picks","Guy Maddin","2011-04-18","2011-04-18","Guy Maddin’s Closet Picks","https://www.youtube.com/watch?v=TowINv3Oq8E"
"599","https://www.criterion.com/shop/collection/599-harris-savides-s-closet-picks","Harris Savides","2012-04-24","2012-04-23","Harris Savides’s Closet Picks","https://www.youtube.com/watch?v=cQFAPBbjsaI"
"600","https://www.criterion.com/shop/collection/600-ira-sachs-s-closet-picks","Ira Sachs","2016-08-10","2016-06-27","Ira Sachs’s Closet Picks","https://www.youtube.com/watch?v=FA4mnGD5Qi8"
"602","https://www.criterion.com/shop/collection/602-michael-k-williams-s-closet-picks","Michael K. Williams","2011-03-10","2011-03-01","Michael K. Williams’s Closet Picks","https://www.youtube.com/watch?v=JJiL6ps8hZQ"
"603","https://www.criterion.com/shop/collection/603-patrick-brice-s-closet-picks","Patrick Brice","2015-09-15","2015-09-15","Patrick Brice’s Closet Picks","https://www.youtube.com/watch?v=D1r8aWfOXcI"
"604","https://www.criterion.com/shop/collection/604-jack-garfein-s-closet-picks","Jack Garfein","2022-11-11","2012-09-25","Jack Garfein’s Closet Picks","https://www.youtube.com/watch?v=LhDI8R0Mskg"
"605","https://www.criterion.com/shop/collection/605-james-acheson-s-closet-picks","James Acheson","2013-01-30","2013-01-30","James Acheson’s Closet Picks","https://www.youtube.com/watch?v=-3Q3AQ4W9Wk"
"606","https://www.criterion.com/shop/collection/606-philip-kaufman-s-closet-picks","Philip Kaufman","2012-04-12","2012-04-12","Philip Kaufman’s Closet Picks","https://www.youtube.com/watch?v=5sMFHvBEvKI"
"607","https://www.criterion.com/shop/collection/607-the-wolfpack-s-closet-picks","The Wolfpack","2015-07-07","2015-07-09","The Wolfpack’s Closet Picks","https://www.youtube.com/watch?v=edCT-dyYA0s"
"608","https://www.criterion.com/shop/collection/608-ruben-ostlund-s-closet-picks","Ruben Östlund","2015-01-22","2015-01-10","Ruben Östlund’s Closet Picks","https://www.youtube.com/watch?v=0Z2UYLTsPwY"
"609","https://www.criterion.com/shop/collection/609-slavoj-zizek-s-closet-picks","Slavoj Žižek","2014-09-26","2014-09-26","Slavoj Žižek’s Closet Picks","https://www.youtube.com/watch?v=OqpxT_iJ8Mc"
"610","https://www.criterion.com/shop/collection/610-volker-schlondorff-s-closet-picks","Volker Schlöndorff","2014-10-17","2014-10-17","Volker Schlöndorff’s Closet Picks","https://www.youtube.com/watch?v=Egip8AX68EI"
"611","https://www.criterion.com/shop/collection/611-brit-marling-and-zal-batmanglij-s-closet-picks","Brit Marling and Zal Batmanglij","2023-12-15","2023-11-10","Brit Marling and Zal Batmanglij’s Closet Picks","https://www.youtube.com/watch?v=1gRDJYgoYd4"
"612","https://www.criterion.com/shop/collection/612-hlynur-palmason-s-closet-picks","Hlynur Pálmason","2023-12-08","2023-11-15","Hlynur Pálmason’s Closet Picks","https://www.youtube.com/watch?v=gowVPl5YriI"
"616","https://www.criterion.com/shop/collection/616-gael-garcia-bernal-s-closet-picks","Gael Garcia Bernal","2024-01-03","2023-12-08","Gael Garcia Bernal’s Closet Picks","https://www.youtube.com/watch?v=oJxXni9bo3g"
"618","https://www.criterion.com/shop/collection/618-willem-dafoe-s-closet-picks","Willem Dafoe","2024-01-10","2023-12-07","Willem Dafoe’s Closet Picks","https://www.youtube.com/watch?v=9tG_cBdvo2c"
"619","https://www.criterion.com/shop/collection/619-dan-levy-s-closet-picks","Dan Levy","2024-01-08","2023-12-13","Dan Levy’s Closet Picks","https://www.youtube.com/watch?v=-EV0KTf55F0"
"620","https://www.criterion.com/shop/collection/620-lila-aviles-s-closet-picks","Lila Avilés","2024-01-12","2023-11-13","Lila Avilés’s Closet Picks","https://www.youtube.com/watch?v=0PMTo4SK__s"
"621","https://www.criterion.com/shop/collection/621-charles-melton-s-closet-picks","Charles Melton","2024-01-15","2024-01-03","Charles Melton’s Closet Picks","https://www.youtube.com/watch?v=Ee5Gfzsji4k"
"622","https://www.criterion.com/shop/collection/622-rosine-mbakam-s-closet-picks","Rosine Mbakam","2024-01-22","2023-10-10","Rosine Mbakam’s Closet Picks","https://www.youtube.com/watch?v=Hnijob9FlJc"
"623","https://www.criterion.com/shop/collection/623-justine-triet-s-closet-picks","Justine Triet","2024-01-26","2023-10-10","Justine Triet’s Closet Picks","https://www.youtube.com/watch?v=YaPwpoe746g"
"624","https://www.criterion.com/shop/collection/624-kleber-mendonca-filho-s-closet-picks","Kleber Mendonça Filho","2024-02-02","2023-10-12","Kleber Mendonça Filho’s Closet Picks","https://www.youtube.com/watch?v=vkJN9gRtjtk"
"625","https://www.criterion.com/shop/collection/625-lina-rodriguez-s-closet-picks","Lina Rodriguez","2024-02-05","2023-10-30","Lina Rodriguez’s Closet Picks","https://www.youtube.com/watch?v=0zexLRuhoVY"
"626","https://www.criterion.com/shop/collection/626-joel-edgerton-s-closet-picks","Joel Edgerton","2024-02-09","2023-05-19","Joel Edgerton’s Closet Picks","https://www.youtube.com/watch?v=r86Fqtb4LNk"
"627","https://www.criterion.com/shop/collection/627-barbara-sukowa-s-closet-picks","Barbara Sukowa","2024-02-14","2023-06-07","Barbara Sukowa’s Closet Picks","https://www.youtube.com/watch?v=d0QVNb8HFTg"
"628","https://www.criterion.com/shop/collection/628-neal-brennan-s-closet-picks","Neal Brennan","2024-06-17","2022-11-01","Neal Brennan’s Closet Picks","https://www.criterion.com/shop/collection/628-neal-brennan-s-closet-picks"
"630","https://www.criterion.com/shop/collection/630-nuri-bilge-ceylan-s-closet-picks","Nuri Bilge Ceylan","2024-02-26","2023-10-10","Nuri Bilge Ceylan’s Closet Picks","https://www.youtube.com/watch?v=6dIOWv_3CeM"
"631","https://www.criterion.com/shop/collection/631-paul-giamatti-s-closet-picks","Paul Giamatti","2024-02-22","2024-02-06","Paul Giamatti’s Closet Picks","https://www.youtube.com/watch?v=ANxxsFUojco"
"632","https://www.criterion.com/shop/collection/632-julio-torres-s-closet-picks","Julio Torres","2024-03-01","2023-07-11","Julio Torres’s Closet Picks","https://www.youtube.com/watch?v=elTc11bMkDs"
"633","https://www.criterion.com/shop/collection/633-matteo-garrone-s-closet-picks","Matteo Garrone","2024-03-07","2023-11-02","Matteo Garrone’s Closet Picks","https://www.youtube.com/watch?v=0EqzFc4YC50"
"634","https://www.criterion.com/shop/collection/634-wim-wenders-closet-picks","Wim Wender","2024-03-12","2023-12-07","Wim Wenders’ Closet Picks","https://www.youtube.com/watch?v=6dXSH9n2aC4"
"636","https://www.criterion.com/shop/collection/636-chelsea-peretti-s-closet-picks","Chelsea Peretti","2024-03-21","2024-03-05","Chelsea Peretti’s Closet Picks","https://www.youtube.com/watch?v=espgxLcU-Y8"
"637","https://www.criterion.com/shop/collection/637-joel-kim-booster-s-closet-picks","Joel Kim Booster","2024-03-29","2024-01-22","Joel Kim Booster’s Closet Picks","https://www.youtube.com/watch?v=G-GfwsmtLn8"
"638","https://www.criterion.com/shop/collection/638-ben-gibbards-s-closet-picks","Ben Gibbards’s Closet PIcks","2024-04-04","2023-12-12","Ben Gibbards’s Closet PIcks","https://www.youtube.com/watch?v=ZiRJyUUFJQA"
"639","https://www.criterion.com/shop/collection/639-molly-ringwald-s-closet-picks","Molly Ringwald","2024-04-11","2024-03-11","Molly Ringwald’s Closet Picks","https://www.youtube.com/watch?v=d_ZBeZ_C0v8"
"640","https://www.criterion.com/shop/collection/640-bertrand-bonello-s-closet-picks","Bertrand Bonello","2024-04-13","2024-04-03","Bertrand Bonello’s Closet Picks","https://www.youtube.com/watch?v=ciZvA3lnvJE"
"641","https://www.criterion.com/shop/collection/641-callum-turner-s-closet-picks","Callum Turner","2024-04-19","2024-01-24","Callum Turner’s Closet Picks","https://www.youtube.com/watch?v=cQJp-FoH0Es"
"642","https://www.criterion.com/shop/collection/642-st-vincent-s-closet-picks","St. Vincent","2024-04-25","2024-03-28","St. Vincent’s Closet Picks","https://www.youtube.com/watch?v=JPQG0BKNVqY"
"644","https://www.criterion.com/shop/collection/644-kerry-condon-s-closet-picks","Kerry Condon","2024-04-30","2024-03-28","Kerry Condon’s Closet Picks","https://www.youtube.com/watch?v=8kII05HTS6c"
"645","https://www.criterion.com/shop/collection/645-guillermo-del-toro-s-closet-picks","Guillermo del Toro","2013-01-14","2010-09-22","Guillermo del Toro’s Closet Picks","https://www.youtube.com/watch?v=49Al7eYy6sg"
"647","https://www.criterion.com/shop/collection/647-maya-and-ethan-hawke-s-closet-picks","Maya and Ethan Hawke","2024-05-03","2024-04-05","Maya and Ethan Hawke’s Closet Picks","https://www.youtube.com/watch?v=YxzCSz-4CIw"
"648","https://www.criterion.com/shop/collection/648-adrian-utley-s-closet-picks","Adrian Utley","2011-10-05","2011-10-05","Adrian Utley’s Closet Picks","https://www.youtube.com/watch?v=ZqNSY5xz_r8"
"651","https://www.criterion.com/shop/collection/651-manuel-garcia-rulfo-s-closet-picks","Manuel Garcia-Rulfo","2024-05-08","2023-07-05","Manuel Garcia-Rulfo’s Closet Picks","https://www.youtube.com/watch?v=1PvtSPjBvyU"
"652","https://www.criterion.com/shop/collection/652-ryusuke-hamaguchi-s-closet-picks","Ryusuke Hamaguchi","2024-05-11","2024-05-03","Ryusuke Hamaguchi’s Closet Picks","https://www.youtube.com/watch?v=4xQfOvRfWno"
"653","https://www.criterion.com/shop/collection/653-cheryl-dunye-s-closet-picks","Cheryl Dunye","2024-05-24","2024-03-17","Cheryl Dunye’s Closet Picks","https://www.youtube.com/watch?v=24ZeFtAssNE"
"658","https://www.criterion.com/shop/collection/658-jane-schoenbrun-s-closet-picks","Jane Schoenbrun","2024-05-16","2024-04-16","Jane Schoenbrun’s Closet Picks","https://www.youtube.com/watch?v=Q0iOBmGQKQ8"
"659","https://www.criterion.com/shop/collection/659-tim-blake-nelson-s-closet-picks","Tim Blake Nelson","2024-05-21","2024-02-28","Tim Blake Nelson’s Closet Picks","https://www.youtube.com/watch?v=QPpueqWsjf4"
"660","https://www.criterion.com/shop/collection/660-devo-gerald-casale-and-mark-mothersbaugh-s-closet-picks","DEVO: Gerald Casale and Mark Mothersbaugh","2024-05-31","2024-01-28","DEVO: Gerald Casale and Mark Mothersbaugh’s Closet Picks","https://www.youtube.com/watch?v=B-aQkQrZP24"
"661","https://www.criterion.com/shop/collection/661-jeremy-o-harris-s-closet-picks","Jeremy O. Harris","2024-06-07","2024-04-16","Jeremy O. Harris’s Closet Picks","https://www.youtube.com/watch?v=j9c7TOz0YK8"
"662","https://www.criterion.com/shop/collection/662-annie-baker-and-lucian-johnston-s-closet-picks","Annie Baker and Lucian Johnston","2024-06-13","2024-04-09","Annie Baker and Lucian Johnston’s Closet Picks","https://www.youtube.com/watch?v=2PbpLSLidBw"
"663","https://www.criterion.com/shop/collection/663-bill-pope-s-closet-picks","Bill Pope","2024-06-20","2023-10-06","Bill Pope’s Closet Picks","https://www.youtube.com/watch?v=l56hwzq1Uog"
"664","https://www.criterion.com/shop/collection/664-catherine-breillat-s-closet-picks","Catherine Breillat","2024-06-28","2023-10-11","Catherine Breillat’s Closet Picks","https://www.youtube.com/watch?v=FXz316FCzyI"
"666","https://www.criterion.com/shop/collection/666-ayo-edebiri-s-closet-picks","Ayo Edebiri","2024-07-05","2024-06-17","Ayo Edebiri’s Closet Picks","https://www.youtube.com/watch?v=7LvIlPvrjGk"
"667","https://www.criterion.com/shop/collection/667-bill-and-turner-ross-s-closet-picks","Bill and Turner Ross","2024-07-12","2024-05-09","Bill and Turner Ross’s Closet Picks","https://www.youtube.com/watch?v=UJOVbQbpyO0"
"668","https://www.criterion.com/shop/collection/668-koji-yakusho-s-closet-picks","Koji Yakusho","2024-07-16","2023-12-11","Koji Yakusho’s Closet Picks","https://www.youtube.com/watch?v=5qabOrVV3DQ"
"670","https://www.criterion.com/shop/collection/670-viggo-mortensen-s-closet-picks","Viggo Mortensen","2024-07-19","2024-06-03","Viggo Mortensen’s Closet Picks","https://www.youtube.com/watch?v=We_wQnlroek"
"671","https://www.criterion.com/shop/collection/671-gina-gershon-s-closet-picks","Gina Gershon","2024-07-26","2024-07-02","Gina Gershon’s Closet Picks","https://www.youtube.com/watch?v=Rz6_8c617Ik"
"672","https://www.criterion.com/shop/collection/672-paul-scheer-s-closet-picks","Paul Scheer","2024-08-02","2024-05-21","Paul Scheer’s Closet Picks","https://www.youtube.com/watch?v=uzhNKMIoq3E"
"673","https://www.criterion.com/shop/collection/673-jeremy-thomas-s-closet-picks","Jeremy Thomas","2024-08-06","2023-09-19","Jeremy Thomas’s Closet Picks","https://www.youtube.com/watch?v=7pFXCqtYmDM"
"674","https://www.criterion.com/shop/collection/674-lily-gladstone-erica-tremblay-s-closet-picks","Lily Gladstone & Erica Tremblay","2024-08-09","2024-06-15","Lily Gladstone & Erica Tremblay’s Closet Picks","https://www.youtube.com/watch?v=pI7Nje89peA"
"675","https://www.criterion.com/shop/collection/675-zoe-kravitz-and-channing-tatum-s-closet-picks","Zoë Kravitz and Channing Tatum","2024-08-14","2024-07-09","Zoë Kravitz and Channing Tatum’s Closet Picks","https://www.youtube.com/watch?v=MJqjhDImNcY"
"676","https://www.criterion.com/shop/collection/676-carol-kane-s-closet-picks","Carol Kane","2024-08-20","2024-06-14","Carol Kane’s Closet Picks","https://www.youtube.com/watch?v=TDU3_n78jkc"
"677","https://www.criterion.com/shop/collection/677-winona-ryder-s-closet-picks","Winona Ryder","2024-08-28","2024-06-16","Winona Ryder’s Closet Picks","https://www.youtube.com/watch?v=7qAT_K_YQOA"
"681","https://www.criterion.com/shop/collection/681-jerry-schatzberg-s-closet-picks","Jerry Schatzberg","2024-09-06","2024-05-22","Jerry Schatzberg’s Closet Picks","https://www.youtube.com/watch?v=DHzWP5Pj2wM"
"682","https://www.criterion.com/shop/collection/682-lee-daniels-s-closet-picks","Lee Daniels","2024-09-10","2024-08-02","Lee Daniels’s Closet Picks","https://www.youtube.com/watch?v=dqNtp1bAI8o"
"683","https://www.criterion.com/shop/collection/683-agnieszka-holland-s-closet-picks","Agnieszka Holland","2024-09-17","2024-06-21","Agnieszka Holland’s Closet Picks","https://www.youtube.com/watch?v=pU-zkQTKtpQ"
"684","https://www.criterion.com/shop/collection/684-jude-law-s-closet-picks","Jude Law","2024-11-01","2024-09-16","Jude Law’s Closet Picks","https://www.youtube.com/watch?v=rVdefw0skK0"
"685","https://www.criterion.com/shop/collection/685-greg-gonzalez-s-closet-picks","Greg Gonzalez","2024-09-20","2024-07-17","Greg Gonzalez’s Closet Picks","https://www.youtube.com/watch?v=1DvQjLLIFEE"
"720","https://www.criterion.com/shop/collection/720-bill-hader-s-closet-picks","Bill Hader","2024-09-27","2024-07-23","Bill Hader’s Closet Picks","https://www.youtube.com/watch?v=y2TK8IHWIcY"
"721","https://www.criterion.com/shop/collection/721-dylan-baker-s-closet-picks","Dylan Baker","2024-10-01","2024-05-07","Dylan Baker’s Closet Picks","https://www.youtube.com/watch?v=cZmkXn4wgHA"
"725","https://www.criterion.com/shop/collection/725-jr-s-closet-picks","JR","2024-10-09","2024-02-27","JR’s Closet Picks","https://www.youtube.com/watch?v=h5R5ydQZEPA"
"726","https://www.criterion.com/shop/collection/726-jennifer-kent-s-closet-picks","Jennifer Kent","2024-10-17","2024-09-18","Jennifer Kent’s Closet Picks","https://www.youtube.com/watch?v=4puN5ASOPGs"
"729","https://www.criterion.com/shop/collection/729-anna-kendrick-s-closet-picks","Anna Kendrick","2024-10-18","2024-10-07","Anna Kendrick’s Closet Picks","https://www.youtube.com/watch?v=CuZo__82POU"
"730","https://www.criterion.com/shop/collection/730-andrew-garfield-s-closet-picks","Andrew Garfield","2024-10-21","2024-10-02","Andrew Garfield’s Closet Picks","https://www.youtube.com/watch?v=3tH0irhiQVg"
"731","https://www.criterion.com/shop/collection/731-edward-berger-s-closet-picks","Edward Berger","2024-10-25","2024-10-18","Edward Berger’s Closet Picks","https://www.youtube.com/watch?v=-zlyJmf-2MM"
"733","https://www.criterion.com/shop/collection/733-janelle-monae-s-closet-picks","Janelle Monáe","2024-10-30","2024-10-01","Janelle Monáe’s Closet Picks","https://www.youtube.com/watch?v=iBpffnfc3AI"
"734","https://www.criterion.com/shop/collection/734-amelia-dimoldenberg-s-closet-picks","Amelia Dimoldenberg","2024-11-07","2024-10-09","Amelia Dimoldenberg’s Closet Picks","https://www.youtube.com/watch?v=fIvSlhjmbxc"
"736","https://www.criterion.com/shop/collection/736-jeremy-pope-s-closet-picks","Jeremy Pope","2024-11-12","2024-11-11","Jeremy Pope’s Closet Picks","https://www.youtube.com/watch?v=oRDkAdjp_e8"
"737","https://www.criterion.com/shop/collection/737-payal-kapadia-s-closet-picks","Payal Kapadia","2024-11-15","2024-10-08","Payal Kapadia’s Closet Picks","https://www.youtube.com/watch?v=CzKnRQkPXdg"
"738","https://www.criterion.com/shop/collection/738-nathalie-emmanuel-s-closet-picks","Nathalie Emmanuel","2024-11-18","2024-09-25","Nathalie Emmanuel’s Closet Picks","https://www.youtube.com/watch?v=TsPxucCV4dU"
"741","https://www.criterion.com/shop/collection/741-isabelle-huppert-s-closet-picks","Isabelle Huppert","2024-11-22","2024-10-03","Isabelle Huppert’s Closet Picks","https://www.youtube.com/watch?v=GwSwBAo2FYo"
"745","https://www.criterion.com/shop/collection/745-andre-holland-s-closet-picks","André Holland","2024-11-25","2024-10-09","André Holland’s Closet Picks","https://www.youtube.com/watch?v=YsOm4L6yzMg"
"746","https://www.criterion.com/shop/collection/746-johnnie-to-s-closet-picks","Johnnie To","2024-12-02","2024-11-25","Johnnie To’s Closet Picks","https://www.youtube.com/watch?v=kGZvmngLfBI"
"747","https://www.criterion.com/shop/collection/747-eric-bana-s-closet-picks","Eric Bana","2025-02-07","2024-05-10","Eric Bana’s Closet Picks","https://www.youtube.com/watch?v=Y5-AnhGQek8"
"748","https://www.criterion.com/shop/collection/748-jarvis-cocker-s-closet-picks","Jarvis Cocker","2024-12-11","2024-09-13","Jarvis Cocker’s Closet Picks","https://www.youtube.com/watch?v=B-F7GT82izA"
"749","https://www.criterion.com/shop/collection/749-marianne-jean-baptiste-mike-leigh-s-closet-picks","Marianne Jean-Baptiste & Mike Leigh","2024-12-06","2024-10-07","Marianne Jean-Baptiste & Mike Leigh’s Closet Picks","https://www.youtube.com/watch?v=d1RJNZak2Dw"
"751","https://www.criterion.com/shop/collection/751-gints-zilbalodis-s-closet-picks","Gints Zilbalodis","2024-12-04","2024-10-17","Gints Zilbalodis’s Closet Picks","https://www.youtube.com/watch?v=DkgBhjAwvj4"
"752","https://www.criterion.com/shop/collection/752-barry-sonnenfeld-s-closet-picks","Barry Sonnenfeld","2024-12-09","2024-10-01","Barry Sonnenfeld’s Closet Picks","https://www.youtube.com/watch?v=Td2060BoCAk"
"756","https://www.criterion.com/shop/collection/756-ramell-ross-s-closet-picks","RaMell Ross","2024-12-13","2024-10-02","RaMell Ross’s Closet Picks","https://www.youtube.com/watch?v=AVfkV5F4XL0"
"757","https://www.criterion.com/shop/collection/757-pamela-anderson-s-closet-picks","Pamela Anderson","2024-12-18","2024-11-12","Pamela Anderson’s Closet Picks","https://www.youtube.com/watch?v=tyo_tJuhw8U"
"758","https://www.criterion.com/shop/collection/758-norman-reedus-s-closet-picks","Norman Reedus","2024-12-16","2024-12-12","Norman Reedus’s Closet Picks","https://www.youtube.com/watch?v=6GAcaHKcqZY"
"759","https://www.criterion.com/shop/collection/759-maura-delpero-s-closet-picks","Maura Delpero","2024-12-23","2024-10-24","Maura Delpero’s Closet Picks","https://www.youtube.com/watch?v=cPPlAVrvhGY"
"760","https://www.criterion.com/shop/collection/760-kevin-smith-s-closet-picks","Kevin Smith","2024-12-27","2024-09-26","Kevin Smith’s Closet Picks","https://www.youtube.com/watch?v=5eCxfZKIG90"
"761","https://www.criterion.com/shop/collection/761-andrew-stanton-s-closet-picks","Andrew Stanton","2024-12-20","2024-11-26","Andrew Stanton’s Closet Picks","https://www.youtube.com/watch?v=lit_b1g7M6s"
"762","https://www.criterion.com/shop/collection/762-mikey-madison-s-closet-picks","Mikey Madison","2025-01-03","2024-12-19","Mikey Madison’s Closet Picks","https://www.youtube.com/watch?v=9AUc5BfebCM"
"763","https://www.criterion.com/shop/collection/763-francis-ford-coppola-s-closet-picks","Francis Ford Coppola","2024-12-25","2024-12-19","Francis Ford Coppola’s Closet Picks","https://www.youtube.com/watch?v=ZgWDtPVNQ7Y"
"764","https://www.criterion.com/shop/collection/764-jacques-audiard-s-closet-picks","Jacques Audiard","2025-01-06","2024-10-17","Jacques Audiard’s Closet Picks","https://www.youtube.com/watch?v=kgkI4ZRJkvU"
"765","https://www.criterion.com/shop/collection/765-juliette-binoche-and-ralph-fiennes-s-closet-picks","Juliette Binoche and Ralph Fiennes","2024-12-30","2024-12-04","Juliette Binoche and Ralph Fiennes’s Closet Picks","https://www.youtube.com/watch?v=K15A83bYrKo"
"766","https://www.criterion.com/shop/collection/766-pablo-larrain-s-closet-picks","Pablo Larraín","2025-01-14","2024-11-11","Pablo Larraín’s Closet Picks","https://www.youtube.com/watch?v=AdnnuEqbio8"
"767","https://www.criterion.com/shop/collection/767-walter-salles-s-closet-picks","Walter Salles","2025-01-17","2025-01-06","Walter Salles’s Closet Picks","https://www.youtube.com/watch?v=KmsLWBUOVk8"
"768","https://www.criterion.com/shop/collection/768-john-david-washington-and-malcolm-washington-s-closet-picks","John David Washington and Malcolm Washington","2025-01-19","2025-01-13","John David Washington and Malcolm Washington’s Closet Picks","https://www.youtube.com/watch?v=-Tc0JZz6hFM"
"769","https://www.criterion.com/shop/collection/769-robert-eggers-s-closet-picks","Robert Eggers","2025-01-28","2024-12-17","Robert Eggers’s Closet Picks","https://www.youtube.com/watch?v=uLH8TfnsY9Y"
"770","https://www.criterion.com/shop/collection/770-nicholas-hoult-s-closet-picks","Nicholas Hoult","2025-01-21","2024-12-17","Nicholas Hoult’s Closet Picks","https://www.youtube.com/watch?v=lr5UDJT7zbk"
"771","https://www.criterion.com/shop/collection/771-denis-villeneuve-s-closet-picks","Denis Villeneuve","2025-01-24","2024-12-02","Denis Villeneuve’s Closet Picks","https://www.youtube.com/watch?v=UrgucAPeqIs"
"772","https://www.criterion.com/shop/collection/772-chiara-mastroianni-s-closet-picks","Chiara Mastroianni","2025-01-31","2024-12-13","Chiara Mastroianni’s Closet Picks","https://www.youtube.com/watch?v=oRwDxyMc6G8"
"773","https://www.criterion.com/shop/collection/773-john-lithgow-s-closet-picks","John Lithgow","2025-02-03","2024-11-21","John Lithgow’s Closet Picks","https://www.youtube.com/watch?v=on1zBg40eJ4"
"774","https://www.criterion.com/shop/collection/774-zeinabu-irene-davis-s-closet-picks","Zeinabu irene Davis","2025-02-21","2024-10-08","Zeinabu irene Davis’s Closet Picks","https://www.youtube.com/watch?v=23Mi6YwElYw"
"775","https://www.criterion.com/shop/collection/775-ken-burns-s-closet-picks","Ken Burns","2025-02-10","2024-11-04","Ken Burns’s Closet Picks","https://www.youtube.com/watch?v=NCTUZ7bX0SE"
"776","https://www.criterion.com/shop/collection/776-maura-tierney-s-closet-picks","Maura Tierney","2025-02-18","2024-11-19","Maura Tierney’s Closet Picks","https://www.youtube.com/watch?v=M3mCdWe4X-0"
"777","https://www.criterion.com/shop/collection/777-harris-dickinson-s-closet-picks","Harris Dickinson","2025-02-13","2024-12-17","Harris Dickinson’s Closet Picks","https://www.youtube.com/watch?v=mUrp1Czlkzk"
"778","https://www.criterion.com/shop/collection/778-nick-lowe-s-closet-picks","Nick Lowe","2025-02-24","2024-07-31","Nick Lowe’s Closet Picks","https://www.youtube.com/watch?v=4d1HdrVMr1k"
"779","https://www.criterion.com/shop/collection/779-brady-corbet-s-closet-picks","Brady Corbet","2025-02-28","2025-01-08","Brady Corbet’s Closet Picks","https://www.youtube.com/watch?v=KYw5P3tmba0"
"780","https://www.criterion.com/shop/collection/780-atom-egoyan-s-closet-picks","Atom Egoyan","2026-01-20","2025-01-26","Atom Egoyan’s Closet Picks","https://www.youtube.com/watch?v=X0yY-bMTFq4"
"785","https://www.criterion.com/shop/collection/785-azazel-jacobs-s-closet-picks","Azazel Jacobs","2025-03-04","2024-11-06","Azazel Jacobs’s Closet Picks","https://www.youtube.com/watch?v=vBi5fCd6Usk"
"786","https://www.criterion.com/shop/collection/786-julia-garner-s-closet-picks","Julia Garner","2025-03-07","2024-11-20","Julia Garner’s Closet Picks","https://www.youtube.com/watch?v=hsB1e2aV4Vo"
"788","https://www.criterion.com/shop/collection/788-julia-fox-s-closet-picks","Julia Fox","2025-03-10","2025-01-21","Julia Fox’s Closet Picks","https://www.youtube.com/watch?v=ZbuxEu2EoFI"
"789","https://www.criterion.com/shop/collection/789-karyn-kusama-s-closet-picks","Karyn Kusama","2025-03-14","2024-11-20","Karyn Kusama’s Closet Picks","https://www.youtube.com/watch?v=QLOziRIYQZo"
"790","https://www.criterion.com/shop/collection/790-carrie-coon-s-closet-picks","Carrie Coon","2025-03-17","2025-02-19","Carrie Coon’s Closet Picks","https://www.youtube.com/watch?v=CgaVmNJscms"
"792","https://www.criterion.com/shop/collection/792-alain-guiraudie-s-closet-picks","Alain Guiraudie","2025-03-21","2024-09-30","Alain Guiraudie’s Closet Picks","https://www.youtube.com/watch?v=OVhzNXX1GIk"
"793","https://www.criterion.com/shop/collection/793-hans-zimmer-s-closet-picks","Hans Zimmer","2025-03-24","2025-03-14","Hans Zimmer’s Closet Picks","https://www.youtube.com/watch?v=2o4oC0diM8E"
"794","https://www.criterion.com/shop/collection/794-kevin-bacon-s-closet-picks","Kevin Bacon","2025-04-01","2025-03-14","Kevin Bacon’s Closet Picks","https://www.youtube.com/watch?v=uMNrdRkZwxw"
"795","https://www.criterion.com/shop/collection/795-griffin-dunne-s-closet-picks","Griffin Dunne","2025-03-28","2025-02-20","Griffin Dunne’s Closet Picks","https://www.youtube.com/watch?v=Jf9qeR7aJ3E"
"796","https://www.criterion.com/shop/collection/796-amy-irving-s-closet-picks","Amy Irving","2025-04-04","2025-02-06","Amy Irving’s Closet Picks","https://www.youtube.com/watch?v=SNT0QRnkN3I"
"797","https://www.criterion.com/shop/collection/797-mark-rylance-s-closet-picks","Mark Rylance","2025-04-08","2025-03-21","Mark Rylance’s Closet Picks","https://www.youtube.com/watch?v=ZwcnZjmh0a8"
"798","https://www.criterion.com/shop/collection/798-rosanna-arquette-s-closet-picks","Rosanna Arquette","2025-04-14","2025-01-07","Rosanna Arquette’s Closet Picks","https://www.youtube.com/watch?v=pKgdw6EjmeE"
"799","https://www.criterion.com/shop/collection/799-bowen-yang-s-closet-picks","Bowen Yang","2025-04-11","2025-03-12","Bowen Yang’s Closet Picks","https://www.youtube.com/watch?v=CWsXjptCScU"
"800","https://www.criterion.com/shop/collection/800-seth-rogen-evan-goldberg-s-closet-picks","Seth Rogen & Evan Goldberg","2025-04-18","2025-03-28","Seth Rogen & Evan Goldberg’s Closet Picks","https://www.youtube.com/watch?v=BjY2SluwCME"
"801","https://www.criterion.com/shop/collection/801-rosamund-pike-s-closet-picks","Rosamund Pike","2025-04-25","2025-03-26","Rosamund Pike’s Closet Picks","https://www.youtube.com/watch?v=fiuHyOtavek"
"802","https://www.criterion.com/shop/collection/802-franklin-leonard-s-closet-picks","Franklin Leonard","2025-04-21","2025-03-26","Franklin Leonard’s Closet Picks","https://www.youtube.com/watch?v=5YfyrBaAWpE"
"804","https://www.criterion.com/shop/collection/804-ben-affleck-s-closet-picks","Ben Affleck","2025-04-28","2025-04-22","Ben Affleck’s Closet Picks","https://www.youtube.com/watch?v=3TJ2BlReus0"
"806","https://www.criterion.com/shop/collection/806-joel-potrykus-s-closet-picks","Joel Potrykus","2025-05-02","2024-08-02","Joel Potrykus’s Closet Picks","https://www.youtube.com/watch?v=asVS_TKy5ow"
"807","https://www.criterion.com/shop/collection/807-jia-zhangke-s-closet-picks","Jia Zhangke","2025-05-09","2024-10-09","Jia Zhangke’s Closet Picks","https://www.youtube.com/watch?v=m6bQdKaRlsw"
"808","https://www.criterion.com/shop/collection/808-aimee-lou-wood-s-closet-picks","Aimee Lou Wood","2025-05-16","2025-04-02","Aimee Lou Wood’s Closet Picks","https://www.youtube.com/watch?v=LDGACubU99g"
"809","https://www.criterion.com/shop/collection/809-claude-lelouch-s-closet-picks","Claude Lelouch","2025-05-05","2025-04-03","Claude Lelouch’s Closet Picks","https://www.youtube.com/watch?v=mITzH5WIe84"
"819","https://www.criterion.com/shop/collection/819-questlove-s-closet-picks","Questlove","2025-05-12","2025-03-19","Questlove’s Closet Picks","https://www.youtube.com/watch?v=xFuN-Qi-FW4"
"820","https://www.criterion.com/shop/collection/820-natasha-lyonne-s-closet-picks","Natasha Lyonne","2025-05-19","2025-05-08","Natasha Lyonne’s Closet Picks","https://www.youtube.com/watch?v=sNUAkiIoTFk"
"821","https://www.criterion.com/shop/collection/821-diego-luna-s-closet-picks","Diego Luna","2025-05-23","2025-04-22","Diego Luna’s Closet Picks","https://www.youtube.com/watch?v=D4yc-PgEpqo"
"822","https://www.criterion.com/shop/collection/822-katya-zamolodchikova-s-closet-picks","Katya Zamolodchikova","2025-06-02","2025-04-07","Katya Zamolodchikova’s Closet Picks","https://www.youtube.com/watch?v=SCKxAojIGeg"
"823","https://www.criterion.com/shop/collection/823-michael-cera-s-closet-picks","Michael Cera","2025-05-30","2025-05-13","Michael Cera’s Closet Picks","https://www.youtube.com/watch?v=fmXifiwHR-k"
"831","https://www.criterion.com/shop/collection/831-michelle-zauner-s-closet-picks","Michelle Zauner","2025-06-06","2025-02-12","Michelle Zauner’s Closet Picks","https://www.youtube.com/watch?v=gmeWU8oqy-A"
"833","https://www.criterion.com/shop/collection/833-seth-meyers-s-closet-picks","Seth Meyers","2025-06-10","2025-05-09","Seth Meyers’s Closet Picks","https://www.youtube.com/watch?v=-pfZlhfY4JM"
"834","https://www.criterion.com/shop/collection/834-ryan-coogler-s-closet-picks","Ryan Coogler","2025-06-13","2025-05-01","Ryan Coogler’s Closet Picks","https://www.youtube.com/watch?v=V_wzBKheKEE"
"835","https://www.criterion.com/shop/collection/835-rob-delaney-s-closet-picks","Rob Delaney","2025-06-16","2025-03-31","Rob Delaney’s Closet Picks","https://www.youtube.com/watch?v=lbF3XIDKM8Y"
"836","https://www.criterion.com/shop/collection/836-charles-burnett-s-closet-picks","Charles Burnett","2025-06-20","2025-04-18","Charles Burnett’s Closet Picks","https://www.youtube.com/watch?v=FvEjl2VUT8c"
"838","https://www.criterion.com/shop/collection/838-francois-girard-s-closet-picks","François Girard","2025-06-23","2023-04-01","François Girard’s Closet Picks","https://www.youtube.com/watch?v=frNkePt5Eac"
"839","https://www.criterion.com/shop/collection/839-steve-coogan-s-closet-picks","Steve Coogan","2025-06-28","2025-03-27","Steve Coogan’s Closet Picks","https://www.youtube.com/watch?v=9vp9ruYEYHA"
"841","https://www.criterion.com/shop/collection/841-dick-cavett-s-closet-picks","Dick Cavett","2025-07-07","2025-02-26","Dick Cavett’s Closet Picks","https://www.youtube.com/watch?v=9FqyB5edf38"
"842","https://www.criterion.com/shop/collection/842-david-cronenberg-s-closet-picks","David Cronenberg","2025-07-09","2025-04-17","David Cronenberg’s Closet Picks","https://www.youtube.com/watch?v=UUM9Wrn2F3c"
"843","https://www.criterion.com/shop/collection/843-lena-dunham-s-closet-picks","Lena Dunham","2025-07-11","2025-05-08","Lena Dunham’s Closet Picks","https://www.youtube.com/watch?v=PqpRsEF6Gn8"
"845","https://www.criterion.com/shop/collection/845-paul-w-downs-s-closet-picks","Paul W. Downs","2025-07-14","2025-04-11","Paul W. Downs’s Closet Picks","https://www.youtube.com/watch?v=Q7hCDVR1o-U"
"846","https://www.criterion.com/shop/collection/846-simon-pegg-s-closet-picks","Simon Pegg","2025-07-18","2025-05-20","Simon Pegg’s Closet Picks","https://www.youtube.com/watch?v=vIYr2eAlazo"
"847","https://www.criterion.com/shop/collection/847-matthew-broderick-s-closet-picks","Matthew Broderick","2025-07-21","2025-07-21","Matthew Broderick’s Closet Picks","https://www.youtube.com/watch?v=NEkSirbDU2E"
"848","https://www.criterion.com/shop/collection/848-tunde-adebimpe-s-closet-picks","Tunde Adebimpe","2025-07-25","2025-04-08","Tunde Adebimpe’s Closet Picks","https://www.youtube.com/watch?v=2sGGq2NxN10"
"849","https://www.criterion.com/shop/collection/849-barbie-ferreira-s-closet-picks","Barbie Ferreira","2025-07-28","2025-04-04","Barbie Ferreira’s Closet Picks","https://www.youtube.com/watch?v=RpttR1gI91Q"
"850","https://www.criterion.com/shop/collection/850-danny-boyle-s-closet-picks","Danny Boyle","2025-08-01","2025-06-02","Danny Boyle’s Closet Picks","https://www.youtube.com/watch?v=Ud1T9R6vy2s"
"852","https://www.criterion.com/shop/collection/852-rza-s-closet-picks","RZA","2025-08-08","2025-05-27","RZA’s Closet Picks","https://www.youtube.com/watch?v=4BOvz4Z6eM8"
"853","https://www.criterion.com/shop/collection/853-ronan-farrow-s-closet-picks","Ronan Farrow","2025-08-15","2025-07-31","Ronan Farrow’s Closet Picks","https://www.youtube.com/watch?v=9rWNIjNh3sE"
"854","https://www.criterion.com/shop/collection/854-betsey-johnson-s-closet-picks","Betsey Johnson","2025-08-29","2025-07-31","Betsey Johnson’s Closet Picks","https://www.youtube.com/watch?v=BlsETid3hSw"
"855","https://www.criterion.com/shop/collection/855-peter-wolf-s-closet-picks","Peter Wolf","2025-08-25","2025-07-31","Peter Wolf’s Closet Picks","https://www.youtube.com/watch?v=rib1VHrBTdk"
"856","https://www.criterion.com/shop/collection/856-ari-aster-s-closet-picks","Ari Aster","2025-08-04","2025-07-18","Ari Aster’s Closet Picks","https://www.youtube.com/watch?v=vj6QawF-Q9w"
"857","https://www.criterion.com/shop/collection/857-jamie-lee-curtis-s-closet-picks","Jamie Lee Curtis","2025-08-12","2025-07-28","Jamie Lee Curtis’s Closet Picks","https://www.youtube.com/watch?v=oZlpLwWeKvA"
"859","https://www.criterion.com/shop/collection/859-joseph-kosinski-s-closet-picks","Joseph Kosinski","2025-08-19","2025-06-18","Joseph Kosinski’s Closet Picks","https://www.youtube.com/watch?v=T-6bjKyJYDc"
"860","https://www.criterion.com/shop/collection/860-margaret-qualley-s-closet-picks","Margaret Qualley","2025-08-22","2025-07-21","Margaret Qualley’s Closet Picks","https://www.youtube.com/watch?v=Ddh6FBvHFi0"
"862","https://www.criterion.com/shop/collection/862-matt-dillon-s-closet-picks","Matt Dillon","2025-09-02","2025-06-11","Matt Dillon’s Closet Picks","https://www.youtube.com/watch?v=dztz_rQrOGM"
"863","https://www.criterion.com/shop/collection/863-david-byrne-s-closet-picks","David Byrne","2025-09-06","2025-06-16","David Byrne’s Closet Picks","https://www.youtube.com/watch?v=Hp2jZ7epT6s"
"864","https://www.criterion.com/shop/collection/864-kristin-scott-thomas-s-closet-picks","Kristin Scott Thomas","2025-09-09","2025-08-04","Kristin Scott Thomas’s Closet Picks","https://www.youtube.com/watch?v=KWVa02RsBbg"
"865","https://www.criterion.com/shop/collection/865-judd-apatow-s-closet-picks","Judd Apatow","2025-09-12","2025-08-14","Judd Apatow’s Closet Picks","https://www.youtube.com/watch?v=pnzdSo4vkck"
"866","https://www.criterion.com/shop/collection/866-wyclef-jean-s-closet-picks","Wyclef Jean","2025-09-15","2025-07-14","Wyclef Jean’s Closet Picks","https://www.youtube.com/watch?v=TDnpV7uUR1U"
"868","https://www.criterion.com/shop/collection/868-alicia-silverstone-s-closet-picks","Alicia Silverstone","2025-09-19","2025-08-07","Alicia Silverstone’s Closet Picks","https://www.youtube.com/watch?v=Rb096RLBiZI"
"869","https://www.criterion.com/shop/collection/869-josh-brolin-s-closet-picks","Josh Brolin","2025-09-22","2025-09-18","Josh Brolin’s Closet Picks","https://www.youtube.com/watch?v=7FdeJX23RHw"
"870","https://www.criterion.com/shop/collection/870-anohni-s-closet-picks","ANOHNI","2025-10-01","2025-09-19","ANOHNI’s Closet Picks","https://www.youtube.com/watch?v=ty13anJtnV4"
"871","https://www.criterion.com/shop/collection/871-jay-duplass-s-closet-picks","Jay Duplass","2025-09-26","2025-09-02","Jay Duplass’s Closet Picks","https://www.youtube.com/watch?v=nKyCofQNj-U"
"872","https://www.criterion.com/shop/collection/872-mark-duplass-s-closet-picks","Mark Duplass","2025-09-26","2025-09-10","Mark Duplass’s Closet Picks","https://www.youtube.com/watch?v=6BP4x9kxi7s"
"873","https://www.criterion.com/shop/collection/873-marion-cotillard-s-closet-picks","Marion Cotillard","2025-09-29","2025-09-12","Marion Cotillard’s Closet Picks","https://www.youtube.com/watch?v=sPP5CuNVNU8"
"874","https://www.criterion.com/shop/collection/874-cillian-murphy-s-closet-picks","Cillian Murphy","2025-10-03","2025-09-09","Cillian Murphy’s Closet Picks","https://www.youtube.com/watch?v=v4Ze7Yo9jgY"
"875","https://www.criterion.com/shop/collection/875-diane-kruger-s-closet-picks","Diane Kruger","2025-10-06","2025-04-16","Diane Kruger’s Closet Picks","https://www.youtube.com/watch?v=Y8ZAGd2IBaU"
"877","https://www.criterion.com/shop/collection/877-luca-guadagnino-s-closet-picks","Luca Guadagnino","2025-10-10","2025-10-08","Luca Guadagnino’s Closet Picks","https://www.youtube.com/watch?v=fodK93XWLwg"
"878","https://www.criterion.com/shop/collection/878-ethel-cain-s-closet-picks","Ethel Cain","2025-10-14","2025-07-22","Ethel Cain’s Closet Picks","https://www.youtube.com/watch?v=ld19PMXUyqg"
"879","https://www.criterion.com/shop/collection/879-tracy-letts-s-closet-picks","Tracy Letts","2025-10-18","2025-10-19","Tracy Letts’s Closet Picks","https://www.youtube.com/watch?v=EQ7jDVdL5Ko"
"880","https://www.criterion.com/shop/collection/880-benny-safdie-s-closet-picks","Benny Safdie","2025-10-21","2025-10-20","Benny Safdie’s Closet Picks","https://www.youtube.com/watch?v=q3aEv64x4Fo"
"881","https://www.criterion.com/shop/collection/881-jason-bateman-s-closet-picks","Jason Bateman","2025-10-24","2025-10-24","Jason Bateman’s Closet Picks","https://www.youtube.com/watch?v=us0xeBVKMJI"
"882","https://www.criterion.com/shop/collection/882-june-squibb-s-closet-picks","June Squibb","2025-10-27","2025-10-27","June Squibb’s Closet Picks","https://www.youtube.com/watch?v=K0nb9ECXdGE"
"884","https://www.criterion.com/shop/collection/884-nick-offerman-s-closet-picks","Nick Offerman","2025-10-31","2025-09-15","Nick Offerman’s Closet Picks","https://www.youtube.com/watch?v=Ti-nujcoKnk"
"885","https://www.criterion.com/shop/collection/885-ben-whishaw-s-closet-picks","Ben Whishaw","2025-11-07","2025-09-27","Ben Whishaw’s Closet Picks","https://www.youtube.com/watch?v=8kKR9UakxQQ"
"886","https://www.criterion.com/shop/collection/886-billy-crudup-s-closet-picks","Billy Crudup","2025-11-04","2025-09-11","Billy Crudup’s Closet Picks","https://www.youtube.com/watch?v=FMxLQPHnuZA"
"887","https://www.criterion.com/shop/collection/887-edgar-wright-s-closet-picks","Edgar Wright","2025-11-10","2025-10-10","Edgar Wright’s Closet Picks","https://www.youtube.com/watch?v=f-bklvjQftk"
"890","https://www.criterion.com/shop/collection/890-claire-danes-s-closet-picks","Claire Danes","2025-11-14","2025-10-03","Claire Danes’s Closet Picks","https://www.youtube.com/watch?v=nudBFPgWGGA"
"891","https://www.criterion.com/shop/collection/891-kahlil-joseph-s-closet-picks","Kahlil Joseph","2025-11-21","2025-10-08","Kahlil Joseph’s Closet Picks","https://www.youtube.com/watch?v=PPw7sJJkQFY"
"892","https://www.criterion.com/shop/collection/892-wagner-moura-s-closet-picks","Wagner Moura","2025-11-24","2025-09-28","Wagner Moura’s Closet Picks","https://www.youtube.com/watch?v=hvOnBK-L-zg"
"893","https://www.criterion.com/shop/collection/893-elle-fanning-s-closet-picks","Elle Fanning","2025-11-17","2025-10-01","Elle Fanning’s Closet Picks","https://www.youtube.com/watch?v=4G7KuHCJMFg"
"894","https://www.criterion.com/shop/collection/894-kathryn-bigelow-s-closet-picks","Kathryn Bigelow","2025-11-28","2025-10-27","Kathryn Bigelow’s Closet Picks","https://www.youtube.com/watch?v=oXDO1X8yQyA"
"895","https://www.criterion.com/shop/collection/895-rachel-sennott-s-closet-picks","Rachel Sennott","2025-12-01","2025-11-04","Rachel Sennott’s Closet Picks","https://www.youtube.com/watch?v=8i3ZVJRQYYY"
"897","https://www.criterion.com/shop/collection/897-derek-cianfrance-s-closet-picks","Derek Cianfrance","2025-12-03","2025-10-07","Derek Cianfrance’s Closet Picks","https://www.youtube.com/watch?v=rzK__Z6jIwY"
"898","https://www.criterion.com/shop/collection/898-nia-dacosta-s-closet-picks","Nia DaCosta","2025-12-05","2025-10-23","Nia DaCosta’s Closet Picks","https://www.youtube.com/watch?v=ZAYw4GYFh10"
"900","https://www.criterion.com/shop/collection/900-yorgos-lanthimos-s-closet-picks","Yorgos Lanthimos","2025-12-08","2025-10-21","Yorgos Lanthimos’s Closet Picks","https://www.youtube.com/watch?v=wFditJEjgjI"
"901","https://www.criterion.com/shop/collection/901-david-remnick-s-closet-picks","David Remnick","2025-12-10","2025-11-11","David Remnick’s Closet Picks","https://www.youtube.com/watch?v=xmtYGTtOQww"
"902","https://www.criterion.com/shop/collection/902-rian-johnson-s-closet-picks","Rian Johnson","2025-12-16","2025-11-04","Rian Johnson’s Closet Picks","https://www.youtube.com/watch?v=U2plMSuOgrI"
"905","https://www.criterion.com/shop/collection/905-bi-gan-s-closet-picks","Bi Gan","2025-12-12","2025-10-08","Bi Gan’s Closet Picks","https://www.youtube.com/watch?v=92CSq0Ct_dQ"
"908","https://www.criterion.com/shop/collection/908-tom-rothman-s-closet-picks","Tom Rothman","2025-12-18","2025-07-18","Tom Rothman’s Closet Picks","https://www.youtube.com/watch?v=9za40HYRkcE"
"909","https://www.criterion.com/shop/collection/909-vince-staples-s-closet-picks","Vince Staples","2025-12-20","2025-11-05","Vince Staples’s Closet Picks","https://www.youtube.com/watch?v=MQZuHbd-rTw"
"910","https://www.criterion.com/shop/collection/910-lucy-liu-s-closet-picks","Lucy Liu","2025-12-22","2025-10-27","Lucy Liu’s Closet Picks","https://www.youtube.com/watch?v=NnldiqFIStY"
"911","https://www.criterion.com/shop/collection/911-guillermo-del-toro-s-closet-picks","Guillermo del Toro","2026-01-24","2025-09-07","Guillermo del Toro’s Closet Picks","https://www.youtube.com/watch?v=CcscEY2KoS8"
"912","https://www.criterion.com/shop/collection/912-ted-danson-mary-steenburgen-s-closet-picks","Ted Danson & Mary Steenburgen","2025-12-26","2025-11-17","Ted Danson & Mary Steenburgen’s Closet Picks","https://www.youtube.com/watch?v=SpX9zqU9YI8"
"913","https://www.criterion.com/shop/collection/913-rose-byrne-s-closet-picks","Rose Byrne","2025-12-29","2025-10-01","Rose Byrne’s Closet Picks","https://www.youtube.com/watch?v=GlCaEnEAhoM"
"914","https://www.criterion.com/shop/collection/914-florence-welch-s-closet-picks","Florence Welch","2025-12-31","2025-10-29","Florence Welch’s Closet Picks","https://www.youtube.com/watch?v=p4g1Tz4F8Vo"
"915","https://www.criterion.com/shop/collection/915-will-arnett-s-closet-picks","Will Arnett","2026-01-02","2025-12-10","Will Arnett’s Closet Picks","https://www.youtube.com/watch?v=KE2G9pU6PbM"
"916","https://www.criterion.com/shop/collection/916-lav-diaz-s-closet-picks","Lav Diaz","2026-01-09","2025-10-15","Lav Diaz’s Closet Picks","https://www.youtube.com/watch?v=wuWY9CPr2hI"
"917","https://www.criterion.com/shop/collection/917-jafar-panahi-s-closet-picks","Jafar Panahi","2026-01-12","2025-10-15","Jafar Panahi’s Closet Picks","https://www.youtube.com/watch?v=SqH9WnGf-ns"
"918","https://www.criterion.com/shop/collection/918-stellan-skarsgard-s-closet-picks","Stellan Skarsgård","2026-01-16","2025-09-29","Stellan Skarsgård’s Closet Picks","https://www.youtube.com/watch?v=vpw582iA-n4"
"920","https://www.criterion.com/shop/collection/920-jodie-foster-s-closet-picks","Jodie Foster","2026-01-23","2026-01-06","Jodie Foster’s Closet Picks","https://www.youtube.com/watch?v=wO2fHMqAXO8"
"921","https://www.criterion.com/shop/collection/921-reginald-hudlin-s-closet-picks","Reginald Hudlin","2026-01-26","2025-09-04","Reginald Hudlin’s Closet Picks","https://www.youtube.com/watch?v=HvTo60eXjcs"
"923","https://www.criterion.com/shop/collection/923-nicholas-britell-s-closet-picks","Nicholas Britell","2026-02-02","2025-11-26","Nicholas Britell’s Closet Picks","https://www.youtube.com/watch?v=Jh1o_OE3-Ic"
"924","https://www.criterion.com/shop/collection/924-charli-xcx-s-closet-picks","Charli XCX","2026-01-31","2025-10-14","Charli XCX’s Closet Picks","https://www.youtube.com/watch?v=-93R-4Dqzd0"
"925","https://www.criterion.com/shop/collection/925-mary-bronstein-s-closet-picks","Mary Bronstein","2026-02-06","2025-10-01","Mary Bronstein’s Closet Picks","https://www.youtube.com/watch?v=o4Zt1CAprPo"
"926","https://www.criterion.com/shop/collection/926-alex-winter-s-closet-picks","Alex Winter","2026-02-20","2025-11-17","Alex Winter’s Closet Picks","https://www.youtube.com/watch?v=284iOLWmQCw"
"927","https://www.criterion.com/shop/collection/927-paul-smith-s-closet-picks","Paul Smith","2026-02-17","2025-09-17","Paul Smith’s Closet Picks","https://www.youtube.com/watch?v=XhnpQyaye5M"
"928","https://www.criterion.com/shop/collection/928-laura-dern-s-closet-picks","Laura Dern","2026-02-09","2026-01-12","Laura Dern’s Closet Picks","https://www.youtube.com/watch?v=c2IZf_NRJKs"
"929","https://www.criterion.com/shop/collection/929-diego-calva-s-closet-picks","Diego Calva","2026-02-13","2026-01-07","Diego Calva’s Closet Picks","https://www.youtube.com/watch?v=ZJF_asiGU3c"
"931","https://www.criterion.com/shop/collection/931-halle-berry-s-closet-picks","Halle Berry","2026-02-23","2026-02-05","Halle Berry’s Closet Picks","https://www.youtube.com/watch?v=NxtUjQOrJZU"
"932","https://www.criterion.com/shop/collection/932-christoph-waltz-s-closet-picks","Christoph Waltz","2026-02-27","2026-02-05","Christoph Waltz’s Closet Picks","https://www.youtube.com/watch?v=fJcVa4vYMHs"
"933","https://www.criterion.com/shop/collection/933-cameron-crowe-s-closet-picks","Cameron Crowe","2026-03-03","2025-10-30","Cameron Crowe’s Closet Picks","https://www.youtube.com/watch?v=JOYFdj70CpI"
"936","https://www.criterion.com/shop/collection/936-maggie-gyllenhaal-s-closet-picks","Maggie Gyllenhaal","2026-03-06","2026-02-03","Maggie Gyllenhaal’s Closet Picks","https://www.youtube.com/watch?v=6YDJ0lLnkHA"
"937","https://www.criterion.com/shop/collection/937-shinichiro-watanabe-s-closet-picks","Shinichiro Watanabe","2026-03-09","2025-11-24","Shinichiro Watanabe’s Closet Picks","https://www.youtube.com/watch?v=kwoCtvdYYSo"
"938","https://www.criterion.com/shop/collection/938-mitski-s-closet-picks","Mitski","2026-03-13","2026-02-17","Mitski’s Closet Picks","https://www.youtube.com/watch?v=Om6PPF-C_G4"
"939","https://www.criterion.com/shop/collection/939-jim-jarmusch-s-closet-picks","Jim Jarmusch","2026-03-16","2026-01-16","Jim Jarmusch’s Closet Picks","https://www.youtube.com/watch?v=H8sJXDeRUsg"
"941","https://www.criterion.com/shop/collection/941-sergei-loznitsa-s-closet-picks","Sergei Loznitsa","2026-03-20","2025-10-03","Sergei Loznitsa’s Closet Picks","https://www.youtube.com/watch?v=_miFRuKBw8o"
"943","https://www.criterion.com/shop/collection/943-cary-elwes-s-closet-picks","Cary Elwes","2026-03-23","2026-01-14","Cary Elwes’s Closet Picks","https://www.youtube.com/watch?v=mIugin2XpV4"
"944","https://www.criterion.com/shop/collection/944-sofia-coppola-marc-jacobs-s-closet-picks","Sofia Coppola & Marc Jacobs","2026-03-27","2026-03-03","Sofia Coppola & Marc Jacobs’s Closet Picks","https://www.youtube.com/watch?v=qLH-ZyrEBn8"
"945","https://www.criterion.com/shop/collection/945-john-slattery-s-closet-picks","John Slattery","2026-03-30","2026-03-03","John Slattery’s Closet Picks","https://www.youtube.com/watch?v=B_Rhewt6f1E"
"946","https://www.criterion.com/shop/collection/946-kim-morgan-s-closet-picks","Kim Morgan","2026-04-03","2025-12-02","Kim Morgan’s Closet Picks","https://www.youtube.com/watch?v=_VIKYAIu23o"
"947","https://www.criterion.com/shop/collection/947-jamie-demetriou-s-closet-picks","Jamie Demetriou","2026-04-06","2026-01-27","Jamie Demetriou’s Closet Picks","https://www.youtube.com/watch?v=W5hLFhqn1FM"
"948","https://www.criterion.com/shop/collection/948-steven-knight-s-closet-picks","Steven Knight","2026-04-10","2026-03-09","Steven Knight’s Closet Picks","https://www.youtube.com/watch?v=2_ITjg3vrEU"
"949","https://www.criterion.com/shop/collection/949-jack-harlow-s-closet-picks","Jack Harlow","2026-04-13","2026-03-23","Jack Harlow’s Closet Picks","https://www.youtube.com/watch?v=2GEOljy1JKg"
"950","https://www.criterion.com/shop/collection/950-sophy-romvari-s-closet-picks","Sophy Romvari","2026-04-17","2026-03-19","Sophy Romvari’s Closet Picks","https://www.youtube.com/watch?v=ziMJzKbYF4g"
"952","https://www.criterion.com/shop/collection/952-elisabeth-moss-s-closet-picks","Elisabeth Moss","2026-04-20","2026-03-18","Elisabeth Moss’s Closet Picks","https://www.youtube.com/watch?v=RgGuFOid5PE"
"955","https://www.criterion.com/shop/collection/955-jon-hamm-s-closet-picks","Jon Hamm","2026-04-24","2026-03-31","Jon Hamm’s Closet Picks","https://www.youtube.com/watch?v=ErwYl1eU3is"
"956","https://www.criterion.com/shop/collection/956-bob-odenkirk-s-closet-picks","Bob Odenkirk","2026-04-27","2026-04-08","Bob Odenkirk’s Closet Picks","https://www.youtube.com/watch?v=_SDB919kWLo"
"957","https://www.criterion.com/shop/collection/957-oscar-isaac-s-closet-picks","Oscar Isaac","2026-04-29","2026-04-16","Oscar Isaac’s Closet Picks","https://www.youtube.com/watch?v=-GZ1xYEZDgc"
"958","https://www.criterion.com/shop/collection/958-steve-zahn-s-closet-picks","Steve Zahn","2026-05-01","2026-03-19","Steve Zahn’s Closet Picks","https://www.youtube.com/watch?v=QElu6xNs6Q8"
"959","https://www.criterion.com/shop/collection/959-richard-gadd-s-closet-picks","Richard Gadd","2026-05-04","2026-04-14","Richard Gadd’s Closet Picks","https://www.youtube.com/watch?v=1zj9pYwG64g"
"960","https://www.criterion.com/shop/collection/960-elijah-wood-s-closet-picks","Elijah Wood","2026-05-08","2026-03-18","Elijah Wood’s Closet Picks","https://www.youtube.com/watch?v=kcXBFY2XBuY"
"961","https://www.criterion.com/shop/collection/961-ira-sachs-s-closet-picks","Ira Sachs","2026-05-11","2025-08-25","Ira Sachs’s Closet Picks","https://www.youtube.com/watch?v=ENCPEKroK44"
"962","https://www.criterion.com/shop/collection/962-eiza-gonzalez-s-closet-picks","Eiza González","2026-05-15","2026-03-26","Eiza González’s Closet Picks","https://www.youtube.com/watch?v=zMUzKUMyNeQ"
"963","https://www.criterion.com/shop/collection/963-boots-riley-s-closet-picks","Boots Riley","2026-05-18","2026-04-06","Boots Riley’s Closet Picks","https://www.youtube.com/watch?v=E_66gXXfrbA"
"965","https://www.criterion.com/shop/collection/965-thierry-fremaux-s-closet-picks","Thierry Frémaux","2026-05-22","2026-01-09","Thierry Frémaux’s Closet Picks","https://www.youtube.com/watch?v=h1NsxFbPT-U"
"966","https://www.criterion.com/shop/collection/966-robert-de-niro-s-closet-picks","Robert De Niro","2026-05-27","2026-04-22","Robert De Niro’s Closet Picks","https://www.youtube.com/watch?v=1yXOFLr_LJc"
"967","https://www.criterion.com/shop/collection/967-paul-rudd-s-closet-picks","Paul Rudd","2026-05-29","2026-05-19","Paul Rudd’s Closet Picks","https://www.youtube.com/watch?v=ZTvRQRTVdqA"
"968","https://www.criterion.com/shop/collection/968-bob-the-drag-queen-s-closet-picks","Bob the Drag Queen","2026-06-02","2026-02-09","Bob the Drag Queen’s Closet Picks","https://www.youtube.com/watch?v=0ZvmGDEBXZM"
"969","https://www.criterion.com/shop/collection/969-john-cameron-mitchell-s-closet-picks","John Cameron Mitchell","2026-06-05","2026-03-26","John Cameron Mitchell’s Closet Picks","https://www.youtube.com/watch?v=4iilUJHpAf0"
"970","https://www.criterion.com/shop/collection/970-lisa-kudrow-s-closet-picks","Lisa Kudrow","2026-06-08","2026-05-04","Lisa Kudrow’s Closet Picks","https://www.youtube.com/watch?v=VsywXM8vMLs"
"971","https://www.criterion.com/shop/collection/971-john-c-reilly-s-closet-picks","John C. Reilly","2026-06-12","2026-04-07","John C. Reilly’s Closet Picks","https://www.youtube.com/watch?v=vJn8q_oBWlc"
"972","https://www.criterion.com/shop/collection/972-matthew-rhys-s-closet-picks","Matthew Rhys","2026-06-15","2026-04-24","Matthew Rhys’s Closet Picks","https://www.youtube.com/watch?v=r0-5G6-g7WI"
"974","https://www.criterion.com/shop/collection/974-hannah-einbinder-s-closet-picks","Hannah Einbinder","2026-06-20","2026-04-14","Hannah Einbinder’s Closet Picks","https://www.youtube.com/watch?v=FDm1avEBSBM"
"975","https://www.criterion.com/shop/collection/975-noah-wyle-s-closet-picks","Noah Wyle","2026-06-22","2026-04-20","Noah Wyle’s Closet Picks","https://www.youtube.com/watch?v=RU3Csk-y1-w"
"976","https://www.criterion.com/shop/collection/976-carla-simon-s-closet-picks","Carla Simón","2026-06-26","2025-10-07","Carla Simón’s Closet Picks","https://www.youtube.com/watch?v=lxM1ic5nX7o"
"977","https://www.criterion.com/shop/collection/977-billy-eichner-s-closet-picks","Billy Eichner","2026-06-29","2026-04-16","Billy Eichner’s Closet Picks","https://www.youtube.com/watch?v=9GRs6AfiH-E"
"978","https://www.criterion.com/shop/collection/978-geena-davis-s-closet-picks","Geena Davis","2026-07-03","2026-05-12","Geena Davis’s Closet Picks","https://www.youtube.com/watch?v=QqzRI0d_5TA"
"979","https://www.criterion.com/shop/collection/979-david-tennant-s-closet-picks","David Tennant","2026-07-06","2026-05-19","David Tennant’s Closet Picks","https://www.youtube.com/watch?v=RoXYGX-tM7c"
"980","https://www.criterion.com/shop/collection/980-finneas-s-closet-picks","Finneas","2026-07-10","2026-06-11","Finneas’s Closet Picks","https://www.youtube.com/watch?v=uJqqkVAgCcc"
"981","https://www.criterion.com/shop/collection/981-john-leguizamo-s-closet-picks","John Leguizamo","2026-07-14","2026-06-03","John Leguizamo’s Closet Picks","https://www.youtube.com/watch?v=VyE1nBqRNIQ"
"982","https://www.criterion.com/shop/collection/982-camila-mendes-s-closet-picks","Camila Mendes","2026-07-17","2026-06-03","Camila Mendes’s Closet Picks","https://www.youtube.com/watch?v=pwAJ1djDXws"
"983","https://www.criterion.com/shop/collection/983-mindy-kaling-s-closet-picks","Mindy Kaling","2026-07-20","2026-05-27","Mindy Kaling’s Closet Picks","https://www.youtube.com/watch?v=9Rauz_wHSXQ"
"984","https://www.criterion.com/shop/collection/984-christopher-nolan-s-closet-picks","Christopher Nolan","2026-07-24","2026-06-19","Christopher Nolan’s Closet Picks","https://www.youtube.com/watch?v=t9fgFt-Ibik"
"985","https://www.criterion.com/shop/collection/985-matt-damon-s-closet-picks","Matt Damon","2026-07-27","2026-07-16","Matt Damon’s Closet Picks","https://www.youtube.com/watch?v=ZCxYGx6ueNM"
"986","https://www.criterion.com/shop/collection/986-cooper-hoffman-s-closet-picks","Cooper Hoffman","2026-07-31","2026-06-11","Cooper Hoffman’s Closet Picks","https://www.youtube.com/watch?v=6UCSuaFuwrY"
"989","https://www.criterion.com/shop/collection/989-fred-armisen-and-carrie-brownstein-s-closet-picks","Fred Armisen and Carrie Brownstein","2026-08-03","2026-05-31","Fred Armisen and Carrie Brownstein’s Closet Picks","https://www.youtube.com/watch?v=uy3FoDjNR-k"
"990","https://www.criterion.com/shop/collection/990-thomas-bangalter-s-closet-picks","Thomas Bangalter","2026-08-07","2026-06-08","Thomas Bangalter’s Closet Picks","https://www.youtube.com/watch?v=uaajhIBkE-g"
"991","https://www.criterion.com/shop/collection/991-eric-andre-s-closet-picks","Eric Andre","2026-08-10","2026-06-17","Eric Andre’s Closet Picks","https://www.youtube.com/watch?v=kJqymGEIMt0"
"992","https://www.criterion.com/shop/collection/992-colman-domingo-s-closet-picks","Colman Domingo","2026-08-14","2026-06-08","Colman Domingo’s Closet Picks","https://www.youtube.com/watch?v=LB5fjskhpao"
"993","https://www.criterion.com/shop/collection/993-danny-mcbride-s-closet-picks","Danny McBride","2026-08-17","2026-06-23","Danny McBride’s Closet Picks","https://www.youtube.com/watch?v=3lFsnL7N5sA"
"995","https://www.criterion.com/shop/collection/995-matthew-mcconaughey-s-closet-picks","Matthew McConaughey","2026-08-21","2026-08-12","Matthew McConaughey’s Closet Picks","https://www.youtube.com/watch?v=G5BIhjXCJOY"
"996","https://www.criterion.com/shop/collection/996-terry-zwigoff-s-closet-picks","Terry Zwigoff","2026-08-24","2026-04-20","Terry Zwigoff’s Closet Picks","https://www.youtube.com/watch?v=DtVGSdIq0bQ"
"998","https://www.criterion.com/shop/collection/998-adam-scott-s-closet-picks","Adam Scott","2026-08-28","2026-07-06","Adam Scott’s Closet Picks","https://www.youtube.com/watch?v=uzH9Fjb2x4w"
"1000","https://www.criterion.com/shop/collection/1000-joan-chen-s-closet-picks","Joan Chen","2026-08-31","2026-07-15","Joan Chen’s Closet Picks","https://www.youtube.com/watch?v=u9aapMjogSc"
