"id","title","link"
"508","Nina Menkes’s Top 10","https://www.criterion.com/current/top-10-lists/508-nina-menkess-top-10"
"418","Aubrey Plaza’s Top 10","https://www.criterion.com/current/top-10-lists/418-aubrey-plazas-top-10"
"416","Owen Kline’s Top 10","https://www.criterion.com/current/top-10-lists/416-owen-klines-top-10"
"415","Ty Segall’s Top 10","https://www.criterion.com/current/top-10-lists/415-ty-segalls-top-10"
"414","Heidi Bivens’s Top 10","https://www.criterion.com/current/top-10-lists/414-heidi-bivenss-top-10"
"396","Joel Potrykus’s Top 10","https://www.criterion.com/current/top-10-lists/396-joel-potrykuss-top-10"
"395","Blerta Basholli’s Top 10","https://www.criterion.com/current/top-10-lists/395-blerta-bashollis-top-10"
"394","Sebastian Meise’s Top 10","https://www.criterion.com/current/top-10-lists/394-sebastian-meises-top-10"
"393","Ryusuke Hamaguchi’s Top 10","https://www.criterion.com/current/top-10-lists/393-ryusuke-hamaguchis-top-10"
"392","Pablo Larraín’s Top 10","https://www.criterion.com/current/top-10-lists/392-pablo-larrans-top-10"
"391","Wendell B. Harris Jr.’s Top 10","https://www.criterion.com/current/top-10-lists/391-wendell-b-harris-jr-s-top-10"
"390","Dash Shaw’s Top 10","https://www.criterion.com/current/top-10-lists/390-dash-shaws-top-10"
"389","Edson Oda’s Top 10","https://www.criterion.com/current/top-10-lists/389-edson-odas-top-10"
"386","Dustin O’Halloran’s Top 10","https://www.criterion.com/current/top-10-lists/386-dustin-ohallorans-top-10"
"385","Rachel Kushner’s Top 10","https://www.criterion.com/current/top-10-lists/385-rachel-kushners-top-10"
"384","Azazel Jacobs’s Top 10","https://www.criterion.com/current/top-10-lists/384-azazel-jacobss-top-10"
"382","Lili Horvát’s Top 10","https://www.criterion.com/current/top-10-lists/382-lili-horvts-top-10"
"379","Carrie Coon’s Top 10","https://www.criterion.com/current/top-10-lists/379-carrie-coons-top-10"
"378","Pietro Marcello’s Top 10","https://www.criterion.com/current/top-10-lists/378-pietro-marcellos-top-10"
"377","Isabel Sandoval’s Top 10","https://www.criterion.com/current/top-10-lists/377-isabel-sandovals-top-10"
"376","Amy Seimetz’s Top 10","https://www.criterion.com/current/top-10-lists/376-amy-seimetzs-top-10"
"375","The Ross Brothers’ Top 10","https://www.criterion.com/current/top-10-lists/375-the-ross-brothers-top-10"
"374","Josephine Decker’s Top 10","https://www.criterion.com/current/top-10-lists/374-josephine-deckers-top-10"
"373","Sofia Bohdanowicz and Deragh Campbell’s Top 10","https://www.criterion.com/current/top-10-lists/373-sofia-bohdanowicz-and-deragh-campbells-top-10"
"372","Kleber Mendonça Filho’s Top 10","https://www.criterion.com/current/top-10-lists/372-kleber-mendona-filhos-top-10"
"371","Rashaad Ernesto Green’s Top 10","https://www.criterion.com/current/top-10-lists/371-rashaad-ernesto-greens-top-10"
"370","Kelly Reichardt’s Top 10","https://www.criterion.com/current/top-10-lists/370-kelly-reichardts-top-10"
"368","Karim Aïnouz’s Top 10","https://www.criterion.com/current/top-10-lists/368-karim-anouzs-top-10"
"367","Kasi Lemmons’s Top 10","https://www.criterion.com/current/top-10-lists/367-kasi-lemmonss-top-10"
"365","Jack Reynor’s Top 10","https://www.criterion.com/current/top-10-lists/365-jack-reynors-top-10"
"364","Carlos Reygadas’s Top 10","https://www.criterion.com/current/top-10-lists/364-carlos-reygadass-top-10"
"363","Dennis Lim’s Top 10","https://www.criterion.com/current/top-10-lists/363-dennis-lims-top-10"
"361","Jeremy Workman’s Top 10","https://www.criterion.com/current/top-10-lists/361-jeremy-workmans-top-10"
"360","Brian Raftery’s Top 10","https://www.criterion.com/current/top-10-lists/360-brian-rafterys-top-10"
"359","Beak>’s Top 10","https://www.criterion.com/current/top-10-lists/359-beak-s-top-10"
"358","Michael Imperioli’s Top 10","https://www.criterion.com/current/top-10-lists/358-michael-imperiolis-top-10"
"357","Lev Kalman’s Top 10","https://www.criterion.com/current/top-10-lists/357-lev-kalmans-top-10"
"356","Christophe Honoré’s Top 10","https://www.criterion.com/current/top-10-lists/356-christophe-honors-top-10"
"355","Raúl Castillo’s Top 10","https://www.criterion.com/current/top-10-lists/355-ral-castillos-top-10"
"353","Karyn Kusama’s Top 10","https://www.criterion.com/current/top-10-lists/353-karyn-kusamas-top-10"
"352","Paweł Pawlikowski’s Top 10","https://www.criterion.com/current/top-10-lists/352-pawe-pawlikowskis-top-10"
"350","​Jon Dieringer’s Top 10","https://www.criterion.com/current/top-10-lists/350-jon-dieringers-top-10"
"349","Alice Rohrwacher’s Top 10","https://www.criterion.com/current/top-10-lists/349-alice-rohrwachers-top-10"
"348","Ali Abbasi’s Top 10","https://www.criterion.com/current/top-10-lists/348-ali-abbasis-top-10"
"347","Steven Yeun’s Top 10","https://www.criterion.com/current/top-10-lists/347-steven-yeuns-top-10"
"346","John Grant’s Top 10","https://www.criterion.com/current/top-10-lists/346-john-grants-top-10"
"345","Hari Nef’s Top 10","https://www.criterion.com/current/top-10-lists/345-hari-nefs-top-10"
"343","Jeremiah Zagar’s Top 10","https://www.criterion.com/current/top-10-lists/343-jeremiah-zagars-top-10"
"341","Alan Rudolph’s Top 10","https://www.criterion.com/current/top-10-lists/341-alan-rudolphs-top-10"
"340","David and Nathan Zellner’s Top 10","https://www.criterion.com/current/top-10-lists/340-david-and-nathan-zellners-top-10"
"339","Ari Aster’s Top 10","https://www.criterion.com/current/top-10-lists/339-ari-asters-top-10"
"338","Sloane Crosley’s Top 10","https://www.criterion.com/current/top-10-lists/338-sloane-crosleys-top-10"
"331","Sebastián Lelio’s Top 10","https://www.criterion.com/current/top-10-lists/331-sebastin-lelios-top-10"
"332","Barry Levinson’s Top 10","https://www.criterion.com/current/top-10-lists/332-barry-levinsons-top-10"
"335","Jessica Morgan’s Top 10","https://www.criterion.com/current/top-10-lists/335-jessica-morgans-top-10"
"334","Ruben Östlund’s Top 10","https://www.criterion.com/current/top-10-lists/334-ruben-stlunds-top-10"
"322","Tracy Letts’s Top 10","https://www.criterion.com/current/top-10-lists/322-tracy-lettss-top-10"
"337","Jonas Carpignano’s Top 10","https://www.criterion.com/current/top-10-lists/337-jonas-carpignanos-top-10"
"321","Stephen Cone’s Top 10","https://www.criterion.com/current/top-10-lists/321-stephen-cones-top-10"
"320","Connor Jessup’s Top 10","https://www.criterion.com/current/top-10-lists/320-connor-jessups-top-10"
"333","Christopher Radcliff and Lauren Wolkstein’s Top 10","https://www.criterion.com/current/top-10-lists/333-christopher-radcliff-and-lauren-wolksteins-top-10"
"319","Doug Nichol’s Top 10","https://www.criterion.com/current/top-10-lists/319-doug-nichols-top-10"
"318","Janicza Bravo’s Top 10","https://www.criterion.com/current/top-10-lists/318-janicza-bravos-top-10"
"317","Dustin Guy Defa’s Top 10","https://www.criterion.com/current/top-10-lists/317-dustin-guy-defas-top-10"
"316","Joshua Z Weinstein’s Top 10","https://www.criterion.com/current/top-10-lists/316-joshua-z-weinsteins-top-10"
"315","Alison Maclean’s Top 10","https://www.criterion.com/current/top-10-lists/315-alison-macleans-top-10"
"314","Jennifer Reeder’s Top 10","https://www.criterion.com/current/top-10-lists/314-jennifer-reeders-top-10"
"313","Rodarte’s Top 10","https://www.criterion.com/current/top-10-lists/313-rodartes-top-10"
"312","Pat Healy’s Top 10","https://www.criterion.com/current/top-10-lists/312-pat-healys-top-10"
"311","Steve Gunn’s Top 10","https://www.criterion.com/current/top-10-lists/311-steve-gunns-top-10"
"310","Nathan Silver’s Top 10","https://www.criterion.com/current/top-10-lists/310-nathan-silvers-top-10"
"309","Zach Braff’s Top 10","https://www.criterion.com/current/top-10-lists/309-zach-braffs-top-10"
"308","Barnaby Clay’s Top 10","https://www.criterion.com/current/top-10-lists/308-barnaby-clays-top-10"
"307","Bill Condon’s Top 10","https://www.criterion.com/current/top-10-lists/307-bill-condons-top-10"
"306","Mike Portnoy’s Top 10","https://www.criterion.com/current/top-10-lists/306-mike-portnoys-top-10"
"305","Ken Jennings’s Top 10","https://www.criterion.com/current/top-10-lists/305-ken-jenningss-top-10"
"304","Dana Calvo’s Top 10","https://www.criterion.com/current/top-10-lists/304-dana-calvos-top-10"
"303","Clea DuVall’s Top 10","https://www.criterion.com/current/top-10-lists/303-clea-duvalls-top-10"
"302","Alton Brown’s Top 10","https://www.criterion.com/current/top-10-lists/302-alton-browns-top-10"
"301","Zach Clark’s Top 10","https://www.criterion.com/current/top-10-lists/301-zach-clarks-top-10"
"300","Terence Nance’s Top 10","https://www.criterion.com/current/top-10-lists/300-terence-nances-top-10"
"299","Amy Fine Collins’s Top 10","https://www.criterion.com/current/top-10-lists/299-amy-fine-collinss-top-10"
"298","Young Jean Lee’s Top 10","https://www.criterion.com/current/top-10-lists/298-young-jean-lees-top-10"
"297","Jenni Olson’s Top 10","https://www.criterion.com/current/top-10-lists/297-jenni-olsons-top-10"
"296","Illeana Douglas’s Top 10","https://www.criterion.com/current/top-10-lists/296-illeana-douglass-top-10"
"295","Tunde Adebimpe’s Top 10","https://www.criterion.com/current/top-10-lists/295-tunde-adebimpes-top-10"
"294","Andrew Ahn’s Top 10","https://www.criterion.com/current/top-10-lists/294-andrew-ahns-top-10"
"293","Douglas Hart’s Top 10","https://www.criterion.com/current/top-10-lists/293-douglas-harts-top-10"
"292","Megan Abbott’s Top 10","https://www.criterion.com/current/top-10-lists/292-megan-abbotts-top-10"
"291","Duncan Hannah’s Top 10","https://www.criterion.com/current/top-10-lists/291-duncan-hannahs-top-10"
"290","Mogwai’s Top 10","https://www.criterion.com/current/top-10-lists/290-mogwais-top-10"
"289","Alan Arkin’s Top 10","https://www.criterion.com/current/top-10-lists/289-alan-arkins-top-10"
"288","Anna Sui’s Top 10","https://www.criterion.com/current/top-10-lists/288-anna-suis-top-10"
"287","Richard Hell’s Top 10","https://www.criterion.com/current/top-10-lists/287-richard-hells-top-10"
"336","Aaron Katz's Top 10 ","https://www.criterion.com/current/top-10-lists/336-aaron-katz-s-top-10"
"286","Bret Easton Ellis’s Top 10","https://www.criterion.com/current/top-10-lists/286-bret-easton-elliss-top-10"
"285","Julia Cafritz’s Top 10","https://www.criterion.com/current/top-10-lists/285-julia-cafritzs-top-10"
"284","Meg Baird’s Top 10","https://www.criterion.com/current/top-10-lists/284-meg-bairds-top-10"
"251","Paul Schneider’s Top 10","https://www.criterion.com/current/top-10-lists/251-paul-schneiders-top-10"
"250","Laura Mulvey’s Top 10","https://www.criterion.com/current/top-10-lists/250-laura-mulveys-top-10"
"249","Reggie Watts’s Top 10","https://www.criterion.com/current/top-10-lists/249-reggie-wattss-top-10"
"247","Ana Lily Amirpour’s Top 10","https://www.criterion.com/current/top-10-lists/247-ana-lily-amirpours-top-10"
"246","Matthew Weiner’s Top 10","https://www.criterion.com/current/top-10-lists/246-matthew-weiners-top-10"
"245","Bruce Beresford’s Top 10","https://www.criterion.com/current/top-10-lists/245-bruce-beresfords-top-10"
"244","Keith Gordon’s Top 10","https://www.criterion.com/current/top-10-lists/244-keith-gordons-top-10"
"243","Troy Miller’s Top 10","https://www.criterion.com/current/top-10-lists/243-troy-millers-top-10"
"242","Sean Baker’s Top 10","https://www.criterion.com/current/top-10-lists/242-sean-bakers-top-10"
"241","Annie Baker’s Top 10","https://www.criterion.com/current/top-10-lists/241-annie-bakers-top-10"
"240","André Gregory and Wallace Shawn’s Top 10","https://www.criterion.com/current/top-10-lists/240-andr-gregory-and-wallace-shawns-top-10"
"238","Josh and Benny Safdie’s Top 10","https://www.criterion.com/current/top-10-lists/238-josh-and-benny-safdies-top-10"
"237","Olivier Assayas’s Top 10","https://www.criterion.com/current/top-10-lists/237-olivier-assayass-top-10"
"236","Mark Cousins’s Top 10","https://www.criterion.com/current/top-10-lists/236-mark-cousinss-top-10"
"235","Jesse Malin’s Top 10","https://www.criterion.com/current/top-10-lists/235-jesse-malins-top-10"
"234","Ben Wheatley’s Top 10","https://www.criterion.com/current/top-10-lists/234-ben-wheatleys-top-10"
"233","Atom Egoyan’s Top 10","https://www.criterion.com/current/top-10-lists/233-atom-egoyans-top-10"
"232","Dick Cavett’s Top 10","https://www.criterion.com/current/top-10-lists/232-dick-cavetts-top-10"
"229","Marc Maron’s Top 10","https://www.criterion.com/current/top-10-lists/229-marc-marons-top-10"
"227","Robert Greene’s Top 10","https://www.criterion.com/current/top-10-lists/227-robert-greenes-top-10"
"226","Alex Ross Perry’s Top 10","https://www.criterion.com/current/top-10-lists/226-alex-ross-perrys-top-10"
"225","Don Hertzfeldt’s Top 10","https://www.criterion.com/current/top-10-lists/225-don-hertzfeldts-top-10"
"224","Will Oldham’s Top 10","https://www.criterion.com/current/top-10-lists/224-will-oldhams-top-10"
"223","Austin Garrick’s Top 10","https://www.criterion.com/current/top-10-lists/223-austin-garricks-top-10"
"222","Hossein Amini’s Top 10","https://www.criterion.com/current/top-10-lists/222-hossein-aminis-top-10"
"221","Mary Ellen Mark’s Top 10","https://www.criterion.com/current/top-10-lists/221-mary-ellen-marks-top-10"
"219","K. K. Barrett’s Top 10","https://www.criterion.com/current/top-10-lists/219-k-k-barretts-top-10"
"218","Christopher Hobbs’s Top 10","https://www.criterion.com/current/top-10-lists/218-christopher-hobbss-top-10"
"217","James Schamus’s Top 10","https://www.criterion.com/current/top-10-lists/217-james-schamuss-top-10"
"215","Tim Forbes’s Top 10","https://www.criterion.com/current/top-10-lists/215-tim-forbess-top-10"
"214","Martin Scorsese’s Top 10","https://www.criterion.com/current/top-10-lists/214-martin-scorseses-top-10"
"213","Stella Mozgawa’s Top 10","https://www.criterion.com/current/top-10-lists/213-stella-mozgawas-top-10"
"212","Bong Joon-ho’s Top 10","https://www.criterion.com/current/top-10-lists/212-bong-joon-hos-top-10"
"211","Geoff Dyer’s Top 10","https://www.criterion.com/current/top-10-lists/211-geoff-dyers-top-10"
"209","Kim Newman’s Top 10","https://www.criterion.com/current/top-10-lists/209-kim-newmans-top-10"
"208","Jonathan Caouette’s Top 10","https://www.criterion.com/current/top-10-lists/208-jonathan-caouettes-top-10"
"207","Daniel Lopatin’s Top 10","https://www.criterion.com/current/top-10-lists/207-daniel-lopatins-top-10"
"206","Keegan McHargue’s Top 10","https://www.criterion.com/current/top-10-lists/206-keegan-mchargues-top-10"
"205","Donald Fagen’s Top 10","https://www.criterion.com/current/top-10-lists/205-donald-fagens-top-10"
"204","Kazu Kibuishi’s Top 10","https://www.criterion.com/current/top-10-lists/204-kazu-kibuishis-top-10"
"202","Zola Jesus’s Top 10","https://www.criterion.com/current/top-10-lists/202-zola-jesuss-top-10"
"201","Roger Corman’s Top 10","https://www.criterion.com/current/top-10-lists/201-roger-cormans-top-10"
"199","Lena Dunham’s Top 10 ","https://www.criterion.com/current/top-10-lists/199-lena-dunhams-top-10"
"198","Haskell Wexler’s Top 10","https://www.criterion.com/current/top-10-lists/198-haskell-wexlers-top-10"
"197","Nicholas Stoller’s Top 10","https://www.criterion.com/current/top-10-lists/197-nicholas-stollers-top-10"
"193","Andrew Loog Oldham’s Top 10","https://www.criterion.com/current/top-10-lists/193-andrew-loog-oldhams-top-10"
"192","Andrew Weil’s Top 10","https://www.criterion.com/current/top-10-lists/192-andrew-weils-top-10"
"191","Christopher Nolan’s Top 10","https://www.criterion.com/current/top-10-lists/191-christopher-nolans-top-10"
"188","Flying Lotus’s Top 10","https://www.criterion.com/current/top-10-lists/188-flying-lotuss-top-10"
"187","Paul Feig’s Top 10 ","https://www.criterion.com/current/top-10-lists/187-paul-feigs-top-10"
"185","William Friedkin’s Top 10 ","https://www.criterion.com/current/top-10-lists/185-william-friedkins-top-10"
"184","Franc Roddam’s Top 10","https://www.criterion.com/current/top-10-lists/184-franc-roddams-top-10"
"182","Andrew Haigh’s Top 10 ","https://www.criterion.com/current/top-10-lists/182-andrew-haighs-top-10"
"180","Brie Larson’s Top 10 ","https://www.criterion.com/current/top-10-lists/180-brie-larsons-top-10"
"179","Miguel Arteta’s Top 10 ","https://www.criterion.com/current/top-10-lists/179-miguel-artetas-top-10"
"177","Chuck Klosterman’s Top 10","https://www.criterion.com/current/top-10-lists/177-chuck-klostermans-top-10"
"176","Phil Rosenthal’s Top 10","https://www.criterion.com/current/top-10-lists/176-phil-rosenthals-top-10"
"175"," John Taylor’s Top 10","https://www.criterion.com/current/top-10-lists/175-john-taylors-top-10"
"173","Oren Moverman’s Top 10","https://www.criterion.com/current/top-10-lists/173-oren-movermans-top-10"
"172","Susie Bright’s Top 10 ","https://www.criterion.com/current/top-10-lists/172-susie-brights-top-10"
"170","Dominic Monaghan’s Top 10","https://www.criterion.com/current/top-10-lists/170-dominic-monaghans-top-10"
"168","Michael Korda’s Top 10","https://www.criterion.com/current/top-10-lists/168-michael-kordas-top-10"
"167","Alec Baldwin’s Top 10","https://www.criterion.com/current/top-10-lists/167-alec-baldwins-top-10"
"164","Nicolas Winding Refn’s Top 10","https://www.criterion.com/current/top-10-lists/164-nicolas-winding-refns-top-10"
"163","Aki Kaurismäki’s Top 10 ","https://www.criterion.com/current/top-10-lists/163-aki-kaurismkis-top-10"
"161","Edgar Wright’s Top 10","https://www.criterion.com/current/top-10-lists/161-edgar-wrights-top-10"
"159","Richard Ayoade’s Top 10","https://www.criterion.com/current/top-10-lists/159-richard-ayoades-top-10"
"156","Robert Ben Garant and Tom Lennon’s Top 10","https://www.criterion.com/current/top-10-lists/156-robert-ben-garant-and-tom-lennons-top-10"
"152","Anthony Bourdain’s Top 10","https://www.criterion.com/current/top-10-lists/152-anthony-bourdains-top-10"
"148","John Bailey’s Top 10","https://www.criterion.com/current/top-10-lists/148-john-baileys-top-10"
"143","João Pedro Rodrigues’s Top 10","https://www.criterion.com/current/top-10-lists/143-joo-pedro-rodriguess-top-10"
"139","Bill Hader’s Top 10","https://www.criterion.com/current/top-10-lists/139-bill-haders-top-10"
"138","Greg Mottola’s Top 10","https://www.criterion.com/current/top-10-lists/138-greg-mottolas-top-10"
"132","Georgia Hubley’s Top 10","https://www.criterion.com/current/top-10-lists/132-georgia-hubleys-top-10"
"129","Scott Morse’s Top Ten","https://www.criterion.com/current/top-10-lists/129-scott-morses-top-ten"
"125","Guillermo del Toro’s Top 10","https://www.criterion.com/current/top-10-lists/125-guillermo-del-toros-top-10"
"121","Angus MacLachlan’s Top 10","https://www.criterion.com/current/top-10-lists/121-angus-maclachlans-top-10"
"115","Wes Anderson’s Top 10","https://www.criterion.com/current/top-10-lists/115-wes-andersons-top-10"
"109","Marcel Dzama’s Top 10","https://www.criterion.com/current/top-10-lists/109-marcel-dzamas-top-10"
"102","Xavier Dolan’s Top 10","https://www.criterion.com/current/top-10-lists/102-xavier-dolans-top-10"
"89","Frederick Elmes’s Top 10","https://www.criterion.com/current/top-10-lists/89-frederick-elmess-top-10"
"87","Johnnie To’s Top 10","https://www.criterion.com/current/top-10-lists/87-johnnie-tos-top-10"
"85","Iron and Wine’s Top 10","https://www.criterion.com/current/top-10-lists/85-iron-and-wines-top-10"
"84","Seth’s Top 10","https://www.criterion.com/current/top-10-lists/84-seths-top-10"
"80","Pedro Costa’s Top 10","https://www.criterion.com/current/top-10-lists/80-pedro-costas-top-10"
"77","Michael Atkinson’s Top 10","https://www.criterion.com/current/top-10-lists/77-michael-atkinsons-top-10"
"73","Joe Mantegna’s Top 10","https://www.criterion.com/current/top-10-lists/73-joe-mantegnas-top-10"
"72","Sonic Youth’s Top 10","https://www.criterion.com/current/top-10-lists/72-sonic-youths-top-10"
"70","Caitlin Kuhwald’s Top 10","https://www.criterion.com/current/top-10-lists/70-caitlin-kuhwalds-top-10"
"69","Whit Stillman’s Top 10","https://www.criterion.com/current/top-10-lists/69-whit-stillmans-top-10"
"68","Nathan Lee’s Top 10","https://www.criterion.com/current/top-10-lists/68-nathan-lees-top-10"
"67","Al Reinert’s Top 10","https://www.criterion.com/current/top-10-lists/67-al-reinerts-top-10"
"66","Joe Swanberg’s Top 10","https://www.criterion.com/current/top-10-lists/66-joe-swanbergs-top-10"
"65","Götz Spielmann’s Top 10","https://www.criterion.com/current/top-10-lists/65-gtz-spielmanns-top-10"
"64","Jaime Hernandez’s Top 10","https://www.criterion.com/current/top-10-lists/64-jaime-hernandezs-top-10"
"63","James Franco’s Top 10","https://www.criterion.com/current/top-10-lists/63-james-francos-top-10"
"62","Paul Morrissey’s Top 10","https://www.criterion.com/current/top-10-lists/62-paul-morrisseys-top-10"
"61","Monte Hellman’s Top 10","https://www.criterion.com/current/top-10-lists/61-monte-hellmans-top-10"
"60","Dave Filipi’s Top 10","https://www.criterion.com/current/top-10-lists/60-dave-filipis-top-10"
"59","Chris Hegedus’s Top 10","https://www.criterion.com/current/top-10-lists/59-chris-hegeduss-top-10"
"58","Ricky Jay’s Top 10","https://www.criterion.com/current/top-10-lists/58-ricky-jays-top-10"
"57","Adam Yauch’s Top 10","https://www.criterion.com/current/top-10-lists/57-adam-yauchs-top-10"
"56","Robin Wood’s Top 10","https://www.criterion.com/current/top-10-lists/56-robin-woods-top-10"
"55","Paul Schrader’s Top 10","https://www.criterion.com/current/top-10-lists/55-paul-schraders-top-10"
"54","Leanne Shapton’s Top 10","https://www.criterion.com/current/top-10-lists/54-leanne-shaptons-top-10"
"53","David Schwartz’s Top 10","https://www.criterion.com/current/top-10-lists/53-david-schwartzs-top-10"
"52","Tom Schnabel’s Top 10","https://www.criterion.com/current/top-10-lists/52-tom-schnabels-top-10"
"51","Nicolas Roeg’s Top 10","https://www.criterion.com/current/top-10-lists/51-nicolas-roegs-top-10"
"49","Bill Plympton’s Top 10","https://www.criterion.com/current/top-10-lists/49-bill-plymptons-top-10"
"48","D. A. Pennebaker’s Top 10","https://www.criterion.com/current/top-10-lists/48-d-a-pennebakers-top-10"
"47","Patton Oswalt’s Top 10","https://www.criterion.com/current/top-10-lists/47-patton-oswalts-top-10"
"46","David Markey’s Top 10","https://www.criterion.com/current/top-10-lists/46-david-markeys-top-10"
"45","Guy Maddin’s Top 10","https://www.criterion.com/current/top-10-lists/45-guy-maddins-top-10"
"44","Kevin Macdonald’s Top 10","https://www.criterion.com/current/top-10-lists/44-kevin-macdonalds-top-10"
"42","Richard Linklater’s Top 10","https://www.criterion.com/current/top-10-lists/42-richard-linklaters-top-10"
"43","John Lurie’s Top 10","https://www.criterion.com/current/top-10-lists/43-john-luries-top-10"
"41","Dennis Lehane’s Top 10","https://www.criterion.com/current/top-10-lists/41-dennis-lehanes-top-10"
"40","Christa Lang-Fuller’s Top 10","https://www.criterion.com/current/top-10-lists/40-christa-lang-fullers-top-10"
"39","Neil LaBute’s Top 10","https://www.criterion.com/current/top-10-lists/39-neil-labutes-top-10"
"38","Frank Kozik’s Top 10","https://www.criterion.com/current/top-10-lists/38-frank-koziks-top-10"
"37","Rian Johnson’s Top 10","https://www.criterion.com/current/top-10-lists/37-rian-johnsons-top-10"
"36","David Hudson’s Top 10","https://www.criterion.com/current/top-10-lists/36-david-hudsons-top-10"
"35","Jean-Pierre Gorin’s Top 10","https://www.criterion.com/current/top-10-lists/35-jean-pierre-gorins-top-10"
"34","Bruce Goldstein’s Top 10","https://www.criterion.com/current/top-10-lists/34-bruce-goldsteins-top-10"
"32","Matt Dentler’s Top 10","https://www.criterion.com/current/top-10-lists/32-matt-dentlers-top-10"
"33","Gary Giddins’s Top 10","https://www.criterion.com/current/top-10-lists/33-gary-giddinss-top-10"
"31","Peter Cowie’s Top 10","https://www.criterion.com/current/top-10-lists/31-peter-cowies-top-10"
"30","Stuart Cooper’s Top 10","https://www.criterion.com/current/top-10-lists/30-stuart-coopers-top-10"
"29","Diablo Cody’s Top 10","https://www.criterion.com/current/top-10-lists/29-diablo-codys-top-10"
"28","Jane Campion’s Top 10","https://www.criterion.com/current/top-10-lists/28-jane-campions-top-10"
"27","Steve Buscemi’s Top 10","https://www.criterion.com/current/top-10-lists/27-steve-buscemis-top-10"
"26","Michael Barker’s Top 10","https://www.criterion.com/current/top-10-lists/26-michael-barkers-top-10"
"25","Ramin Bahrani’s Top 10","https://www.criterion.com/current/top-10-lists/25-ramin-bahranis-top-10"
"24","Allan Arkush’s Top 10","https://www.criterion.com/current/top-10-lists/24-allan-arkushs-top-10"
"23","Allison Anders’s Top 10","https://www.criterion.com/current/top-10-lists/23-allison-anderss-top-10"
"13","Jonathan Lethem’s Top 10","https://www.criterion.com/current/top-10-lists/13-jonathan-lethems-top-10"
"2","Mike Allred’s Top 10","https://www.criterion.com/current/top-10-lists/2-mike-allreds-top-10"
