"title","url","criterion_list_id"
"Shatara Michelle Ford’s Top 10","https://www.criterion.com/current/top-10-lists/999-shatara-michelle-ford-s-top-10","999"
"Kent Jones’s Top 10","https://www.criterion.com/current/top-10-lists/994-kent-jones-s-top-10","994"
"James Ellroy’s Top 10","https://www.criterion.com/current/top-10-lists/988-james-ellroy-s-top-10","988"
"Julio Torres’s Top 10","https://www.criterion.com/current/top-10-lists/954-julio-torres-s-top-10","954"
"Lucrecia Dalt’s Top 10","https://www.criterion.com/current/top-10-lists/940-lucrecia-dalt-s-top-10","940"
"William Tyler’s Top 10","https://www.criterion.com/current/top-10-lists/935-william-tyler-s-top-10","935"
"Max Richter’s Top 10","https://www.criterion.com/current/top-10-lists/922-max-richter-s-top-10","922"
"Tommy Dorfman’s Top 10","https://www.criterion.com/current/top-10-lists/907-tommy-dorfman-s-top-10","907"
"Olivia Laing’s Top 10","https://www.criterion.com/current/top-10-lists/889-olivia-laing-s-top-10","889"
"Harris Dickinson’s Top 10","https://www.criterion.com/current/top-10-lists/883-harris-dickinson-s-top-10","883"
"Sparks’ Top 10","https://www.criterion.com/current/top-10-lists/876-sparks-top-10","876"
"King Princess’s Top 10","https://www.criterion.com/current/top-10-lists/867-king-princess-s-top-10","867"
"Charles Busch’s Top 10","https://www.criterion.com/current/top-10-lists/861-charles-busch-s-top-10","861"
"Jon Raymond’s Top 10","https://www.criterion.com/current/top-10-lists/844-jon-raymond-s-top-10","844"
"Constance Tsang’s Top 10","https://www.criterion.com/current/top-10-lists/818-constance-tsang-s-top-10","818"
"Perfume Genius’s Top 10","https://www.criterion.com/current/top-10-lists/803-perfume-genius-s-top-10","803"
"Anthony Banua-Simon’s Top 10","https://www.criterion.com/current/top-10-lists/791-anthony-banua-simon-s-top-10","791"
"Mohammad Rasoulof’s Top 10","https://www.criterion.com/current/top-10-lists/783-mohammad-rasoulof-s-top-10","783"
"Ray Yeung’s Top 10","https://www.criterion.com/current/top-10-lists/744-ray-yeung-s-top-10","744"
"Lana Wilson’s Top 10","https://www.criterion.com/current/top-10-lists/732-lana-wilson-s-top-10","732"
"Aaron Schimberg’s Top 10","https://www.criterion.com/current/top-10-lists/719-aaron-schimberg-s-top-10","719"
"Jessica Pratt’s Top 10","https://www.criterion.com/current/top-10-lists/678-jessica-pratt-s-top-10","678"
"Lee Grant’s Top 10","https://www.criterion.com/current/top-10-lists/669-lee-grant-s-top-10","669"
"Miryam Charles’s Top 10","https://www.criterion.com/current/top-10-lists/665-miryam-charles-s-top-10","665"
"John Carpenter’s Top 10","https://www.criterion.com/current/top-10-lists/643-john-carpenter-s-top-10","643"
"Molly Manning Walker’s Top 10","https://www.criterion.com/current/top-10-lists/635-molly-manning-walker-s-top-10","635"
"Hlynur Pálmason’s Top 10","https://www.criterion.com/current/top-10-lists/615-hlynur-palmason-s-top-10","615"
"Chloe Domont’s Top 10","https://www.criterion.com/current/top-10-lists/586-chloe-domont-s-top-10","586"
"Jordan Firstman’s Top 10","https://www.criterion.com/current/top-10-lists/583-jordan-firstman-s-top-10","583"
"Andrew Bujalski’s Top 10","https://www.criterion.com/current/top-10-lists/578-andrew-bujalski-s-top-10","578"
"Celine Song’s Top 10","https://www.criterion.com/current/top-10-lists/567-celine-song-s-top-10","567"
"Daisy von Scherler Mayer’s Top 10","https://www.criterion.com/current/top-10-lists/558-daisy-von-scherler-mayer-s-top-10","558"
"Mark Jenkin’s Top 10","https://www.criterion.com/current/top-10-lists/553-mark-jenkin-s-top-10","553"
"A. V. Rockwell’s Top 10","https://www.criterion.com/current/top-10-lists/545-a-v-rockwell-s-top-10","545"
"Davy Chou’s Top 10","https://www.criterion.com/current/top-10-lists/534-davy-chou-s-top-10","534"
"Marie Kreutzer’s Top 10","https://www.criterion.com/current/top-10-lists/531-marie-kreutzer-s-top-10","531"
"Kazuo Ishiguro’s Top 10","https://www.criterion.com/current/top-10-lists/518-kazuo-ishiguro-s-top-10","518"
"Nina Menkes’s Top 10","https://www.criterion.com/current/top-10-lists/508-nina-menkes-s-top-10","508"
"Aubrey Plaza’s Top 10","https://www.criterion.com/current/top-10-lists/418-aubrey-plaza-s-top-10","418"
"Owen Kline’s Top 10","https://www.criterion.com/current/top-10-lists/416-owen-kline-s-top-10","416"
"Ty Segall’s Top 10","https://www.criterion.com/current/top-10-lists/415-ty-segall-s-top-10","415"
"Heidi Bivens’s Top 10","https://www.criterion.com/current/top-10-lists/414-heidi-bivens-s-top-10","414"
"Joel Potrykus’s Top 10","https://www.criterion.com/current/top-10-lists/396-joel-potrykus-s-top-10","396"
"Blerta Basholli’s Top 10","https://www.criterion.com/current/top-10-lists/395-blerta-basholli-s-top-10","395"
"Sebastian Meise’s Top 10","https://www.criterion.com/current/top-10-lists/394-sebastian-meise-s-top-10","394"
"Ryusuke Hamaguchi’s Top 10","https://www.criterion.com/current/top-10-lists/393-ryusuke-hamaguchi-s-top-10","393"
"Pablo Larraín’s Top 10","https://www.criterion.com/current/top-10-lists/392-pablo-larrain-s-top-10","392"
"Wendell B. Harris Jr.’s Top 10","https://www.criterion.com/current/top-10-lists/391-wendell-b-harris-jr-s-top-10","391"
"Dash Shaw’s Top 10","https://www.criterion.com/current/top-10-lists/390-dash-shaw-s-top-10","390"
"Edson Oda’s Top 10","https://www.criterion.com/current/top-10-lists/389-edson-oda-s-top-10","389"
"Dustin O’Halloran’s Top 10","https://www.criterion.com/current/top-10-lists/386-dustin-o-halloran-s-top-10","386"
"Rachel Kushner’s Top 10","https://www.criterion.com/current/top-10-lists/385-rachel-kushner-s-top-10","385"
"Azazel Jacobs’s Top 10","https://www.criterion.com/current/top-10-lists/384-azazel-jacobs-s-top-10","384"
"Lili Horvát’s Top 10","https://www.criterion.com/current/top-10-lists/382-lili-horvat-s-top-10","382"
"Carrie Coon’s Top 10","https://www.criterion.com/current/top-10-lists/379-carrie-coon-s-top-10","379"
"Pietro Marcello’s Top 10","https://www.criterion.com/current/top-10-lists/378-pietro-marcello-s-top-10","378"
"Isabel Sandoval’s Top 10","https://www.criterion.com/current/top-10-lists/377-isabel-sandoval-s-top-10","377"
"Amy Seimetz’s Top 10","https://www.criterion.com/current/top-10-lists/376-amy-seimetz-s-top-10","376"
"The Ross Brothers’ Top 10","https://www.criterion.com/current/top-10-lists/375-the-ross-brothers-top-10","375"
"Josephine Decker’s Top 10","https://www.criterion.com/current/top-10-lists/374-josephine-decker-s-top-10","374"
"Sofia Bohdanowicz and Deragh Campbell’s Top 10","https://www.criterion.com/current/top-10-lists/373-sofia-bohdanowicz-and-deragh-campbell-s-top-10","373"
"Kleber Mendonça Filho’s Top 10","https://www.criterion.com/current/top-10-lists/372-kleber-mendonca-filho-s-top-10","372"
"Rashaad Ernesto Green’s Top 10","https://www.criterion.com/current/top-10-lists/371-rashaad-ernesto-green-s-top-10","371"
"Kelly Reichardt’s Top 10","https://www.criterion.com/current/top-10-lists/370-kelly-reichardt-s-top-10","370"
"Karim Aïnouz’s Top 10","https://www.criterion.com/current/top-10-lists/368-karim-ainouz-s-top-10","368"
"Kasi Lemmons’s Top 10","https://www.criterion.com/current/top-10-lists/367-kasi-lemmons-s-top-10","367"
"Jack Reynor’s Top 10","https://www.criterion.com/current/top-10-lists/365-jack-reynor-s-top-10","365"
"Carlos Reygadas’s Top 10","https://www.criterion.com/current/top-10-lists/364-carlos-reygadas-s-top-10","364"
"Dennis Lim’s Top 10","https://www.criterion.com/current/top-10-lists/363-dennis-lim-s-top-10","363"
"Jeremy Workman’s Top 10","https://www.criterion.com/current/top-10-lists/361-jeremy-workman-s-top-10","361"
"Brian Raftery’s Top 10","https://www.criterion.com/current/top-10-lists/360-brian-raftery-s-top-10","360"
"Beak>’s Top 10","https://www.criterion.com/current/top-10-lists/359-beak-s-top-10","359"
"Michael Imperioli’s Top 10","https://www.criterion.com/current/top-10-lists/358-michael-imperioli-s-top-10","358"
"Lev Kalman’s Top 10","https://www.criterion.com/current/top-10-lists/357-lev-kalman-s-top-10","357"
"Christophe Honoré’s Top 10","https://www.criterion.com/current/top-10-lists/356-christophe-honore-s-top-10","356"
"Raúl Castillo’s Top 10","https://www.criterion.com/current/top-10-lists/355-raul-castillo-s-top-10","355"
"Karyn Kusama’s Top 10","https://www.criterion.com/current/top-10-lists/353-karyn-kusama-s-top-10","353"
"Paweł Pawlikowski’s Top 10","https://www.criterion.com/current/top-10-lists/352-pawel-pawlikowski-s-top-10","352"
"​Jon Dieringer’s Top 10","https://www.criterion.com/current/top-10-lists/350--jon-dieringer-s-top-10","350"
"Alice Rohrwacher’s Top 10","https://www.criterion.com/current/top-10-lists/349-alice-rohrwacher-s-top-10","349"
"Ali Abbasi’s Top 10","https://www.criterion.com/current/top-10-lists/348-ali-abbasi-s-top-10","348"
"Steven Yeun’s Top 10","https://www.criterion.com/current/top-10-lists/347-steven-yeun-s-top-10","347"
"John Grant’s Top 10","https://www.criterion.com/current/top-10-lists/346-john-grant-s-top-10","346"
"Hari Nef’s Top 10","https://www.criterion.com/current/top-10-lists/345-hari-nef-s-top-10","345"
"Jeremiah Zagar’s Top 10","https://www.criterion.com/current/top-10-lists/343-jeremiah-zagar-s-top-10","343"
"Alan Rudolph’s Top 10","https://www.criterion.com/current/top-10-lists/341-alan-rudolph-s-top-10","341"
"David and Nathan Zellner’s Top 10","https://www.criterion.com/current/top-10-lists/340-david-and-nathan-zellner-s-top-10","340"
"Ari Aster’s Top 10","https://www.criterion.com/current/top-10-lists/339-ari-aster-s-top-10","339"
"Sloane Crosley’s Top 10","https://www.criterion.com/current/top-10-lists/338-sloane-crosley-s-top-10","338"
"Sebastián Lelio’s Top 10","https://www.criterion.com/current/top-10-lists/331-sebastian-lelio-s-top-10","331"
"Barry Levinson’s Top 10","https://www.criterion.com/current/top-10-lists/332-barry-levinson-s-top-10","332"
"Jessica Morgan’s Top 10","https://www.criterion.com/current/top-10-lists/335-jessica-morgan-s-top-10","335"
"Ruben Östlund’s Top 10","https://www.criterion.com/current/top-10-lists/334-ruben-ostlund-s-top-10","334"
"Tracy Letts’s Top 10","https://www.criterion.com/current/top-10-lists/322-tracy-letts-s-top-10","322"
"Jonas Carpignano’s Top 10","https://www.criterion.com/current/top-10-lists/337-jonas-carpignano-s-top-10","337"
"Stephen Cone’s Top 10","https://www.criterion.com/current/top-10-lists/321-stephen-cone-s-top-10","321"
"Connor Jessup’s Top 10","https://www.criterion.com/current/top-10-lists/320-connor-jessup-s-top-10","320"
"Christopher Radcliff and Lauren Wolkstein’s Top 10","https://www.criterion.com/current/top-10-lists/333-christopher-radcliff-and-lauren-wolkstein-s-top-10","333"
"Doug Nichol’s Top 10","https://www.criterion.com/current/top-10-lists/319-doug-nichol-s-top-10","319"
"Janicza Bravo’s Top 10","https://www.criterion.com/current/top-10-lists/318-janicza-bravo-s-top-10","318"
"Dustin Guy Defa’s Top 10","https://www.criterion.com/current/top-10-lists/317-dustin-guy-defa-s-top-10","317"
"Joshua Z Weinstein’s Top 10","https://www.criterion.com/current/top-10-lists/316-joshua-z-weinstein-s-top-10","316"
"Alison Maclean’s Top 10","https://www.criterion.com/current/top-10-lists/315-alison-maclean-s-top-10","315"
"Jennifer Reeder’s Top 10","https://www.criterion.com/current/top-10-lists/314-jennifer-reeder-s-top-10","314"
"Rodarte’s Top 10","https://www.criterion.com/current/top-10-lists/313-rodarte-s-top-10","313"
"Pat Healy’s Top 10","https://www.criterion.com/current/top-10-lists/312-pat-healy-s-top-10","312"
"Steve Gunn’s Top 10","https://www.criterion.com/current/top-10-lists/311-steve-gunn-s-top-10","311"
"Nathan Silver’s Top 10","https://www.criterion.com/current/top-10-lists/310-nathan-silver-s-top-10","310"
"Zach Braff’s Top 10","https://www.criterion.com/current/top-10-lists/309-zach-braff-s-top-10","309"
"Barnaby Clay’s Top 10","https://www.criterion.com/current/top-10-lists/308-barnaby-clay-s-top-10","308"
"Bill Condon’s Top 10","https://www.criterion.com/current/top-10-lists/307-bill-condon-s-top-10","307"
"Mike Portnoy’s Top 10","https://www.criterion.com/current/top-10-lists/306-mike-portnoy-s-top-10","306"
"Ken Jennings’s Top 10","https://www.criterion.com/current/top-10-lists/305-ken-jennings-s-top-10","305"
"Dana Calvo’s Top 10","https://www.criterion.com/current/top-10-lists/304-dana-calvo-s-top-10","304"
"Clea DuVall’s Top 10","https://www.criterion.com/current/top-10-lists/303-clea-duvall-s-top-10","303"
"Alton Brown’s Top 10","https://www.criterion.com/current/top-10-lists/302-alton-brown-s-top-10","302"
"Zach Clark’s Top 10","https://www.criterion.com/current/top-10-lists/301-zach-clark-s-top-10","301"
"Terence Nance’s Top 10","https://www.criterion.com/current/top-10-lists/300-terence-nance-s-top-10","300"
"Amy Fine Collins’s Top 10","https://www.criterion.com/current/top-10-lists/299-amy-fine-collins-s-top-10","299"
"Young Jean Lee’s Top 10","https://www.criterion.com/current/top-10-lists/298-young-jean-lee-s-top-10","298"
"Jenni Olson’s Top 10","https://www.criterion.com/current/top-10-lists/297-jenni-olson-s-top-10","297"
"Illeana Douglas’s Top 10","https://www.criterion.com/current/top-10-lists/296-illeana-douglas-s-top-10","296"
"Tunde Adebimpe’s Top 10","https://www.criterion.com/current/top-10-lists/295-tunde-adebimpe-s-top-10","295"
"Andrew Ahn’s Top 10","https://www.criterion.com/current/top-10-lists/294-andrew-ahn-s-top-10","294"
"Douglas Hart’s Top 10","https://www.criterion.com/current/top-10-lists/293-douglas-hart-s-top-10","293"
"Megan Abbott’s Top 10","https://www.criterion.com/current/top-10-lists/292-megan-abbott-s-top-10","292"
"Duncan Hannah’s Top 10","https://www.criterion.com/current/top-10-lists/291-duncan-hannah-s-top-10","291"
"Mogwai’s Top 10","https://www.criterion.com/current/top-10-lists/290-mogwai-s-top-10","290"
"Alan Arkin’s Top 10","https://www.criterion.com/current/top-10-lists/289-alan-arkin-s-top-10","289"
"Anna Sui’s Top 10","https://www.criterion.com/current/top-10-lists/288-anna-sui-s-top-10","288"
"Richard Hell’s Top 10","https://www.criterion.com/current/top-10-lists/287-richard-hell-s-top-10","287"
"Aaron Katz's Top 10","https://www.criterion.com/current/top-10-lists/336-aaron-katz-s-top-10","336"
"Bret Easton Ellis’s Top 10","https://www.criterion.com/current/top-10-lists/286-bret-easton-ellis-s-top-10","286"
"Julia Cafritz’s Top 10","https://www.criterion.com/current/top-10-lists/285-julia-cafritz-s-top-10","285"
"Meg Baird’s Top 10","https://www.criterion.com/current/top-10-lists/284-meg-baird-s-top-10","284"
"Paul Schneider’s Top 10","https://www.criterion.com/current/top-10-lists/251-paul-schneider-s-top-10","251"
"Laura Mulvey’s Top 10","https://www.criterion.com/current/top-10-lists/250-laura-mulvey-s-top-10","250"
"Reggie Watts’s Top 10","https://www.criterion.com/current/top-10-lists/249-reggie-watts-s-top-10","249"
"Ana Lily Amirpour’s Top 10","https://www.criterion.com/current/top-10-lists/247-ana-lily-amirpour-s-top-10","247"
"Matthew Weiner’s Top 10","https://www.criterion.com/current/top-10-lists/246-matthew-weiner-s-top-10","246"
"Bruce Beresford’s Top 10","https://www.criterion.com/current/top-10-lists/245-bruce-beresford-s-top-10","245"
"Keith Gordon’s Top 10","https://www.criterion.com/current/top-10-lists/244-keith-gordon-s-top-10","244"
"Troy Miller’s Top 10","https://www.criterion.com/current/top-10-lists/243-troy-miller-s-top-10","243"
"Sean Baker’s Top 10","https://www.criterion.com/current/top-10-lists/242-sean-baker-s-top-10","242"
"Annie Baker’s Top 10","https://www.criterion.com/current/top-10-lists/241-annie-baker-s-top-10","241"
"André Gregory and Wallace Shawn’s Top 10","https://www.criterion.com/current/top-10-lists/240-andre-gregory-and-wallace-shawn-s-top-10","240"
"Josh and Benny Safdie’s Top 10","https://www.criterion.com/current/top-10-lists/238-josh-and-benny-safdie-s-top-10","238"
"Olivier Assayas’s Top 10","https://www.criterion.com/current/top-10-lists/237-olivier-assayas-s-top-10","237"
"Mark Cousins’s Top 10","https://www.criterion.com/current/top-10-lists/236-mark-cousins-s-top-10","236"
"Jesse Malin’s Top 10","https://www.criterion.com/current/top-10-lists/235-jesse-malin-s-top-10","235"
"Ben Wheatley’s Top 10","https://www.criterion.com/current/top-10-lists/234-ben-wheatley-s-top-10","234"
"Atom Egoyan’s Top 10","https://www.criterion.com/current/top-10-lists/233-atom-egoyan-s-top-10","233"
"Dick Cavett’s Top 10","https://www.criterion.com/current/top-10-lists/232-dick-cavett-s-top-10","232"
"Marc Maron’s Top 10","https://www.criterion.com/current/top-10-lists/229-marc-maron-s-top-10","229"
"Robert Greene’s Top 10","https://www.criterion.com/current/top-10-lists/227-robert-greene-s-top-10","227"
"Alex Ross Perry’s Top 10","https://www.criterion.com/current/top-10-lists/226-alex-ross-perry-s-top-10","226"
"Don Hertzfeldt’s Top 10","https://www.criterion.com/current/top-10-lists/225-don-hertzfeldt-s-top-10","225"
"Will Oldham’s Top 10","https://www.criterion.com/current/top-10-lists/224-will-oldham-s-top-10","224"
"Austin Garrick’s Top 10","https://www.criterion.com/current/top-10-lists/223-austin-garrick-s-top-10","223"
"Hossein Amini’s Top 10","https://www.criterion.com/current/top-10-lists/222-hossein-amini-s-top-10","222"
"Mary Ellen Mark’s Top 10","https://www.criterion.com/current/top-10-lists/221-mary-ellen-mark-s-top-10","221"
"KK Barrett’s Top 10","https://www.criterion.com/current/top-10-lists/219-kk-barrett-s-top-10","219"
"Christopher Hobbs’s Top 10","https://www.criterion.com/current/top-10-lists/218-christopher-hobbs-s-top-10","218"
"James Schamus’s Top 10","https://www.criterion.com/current/top-10-lists/217-james-schamus-s-top-10","217"
"Tim Forbes’s Top 10","https://www.criterion.com/current/top-10-lists/215-tim-forbes-s-top-10","215"
"Martin Scorsese’s Top 10","https://www.criterion.com/current/top-10-lists/214-martin-scorsese-s-top-10","214"
"Stella Mozgawa’s Top 10","https://www.criterion.com/current/top-10-lists/213-stella-mozgawa-s-top-10","213"
"Bong Joon-ho’s Top 10","https://www.criterion.com/current/top-10-lists/212-bong-joon-ho-s-top-10","212"
"Geoff Dyer’s Top 10","https://www.criterion.com/current/top-10-lists/211-geoff-dyer-s-top-10","211"
"Kim Newman’s Top 10","https://www.criterion.com/current/top-10-lists/209-kim-newman-s-top-10","209"
"Jonathan Caouette’s Top 10","https://www.criterion.com/current/top-10-lists/208-jonathan-caouette-s-top-10","208"
"Daniel Lopatin’s Top 10","https://www.criterion.com/current/top-10-lists/207-daniel-lopatin-s-top-10","207"
"Keegan McHargue’s Top 10","https://www.criterion.com/current/top-10-lists/206-keegan-mchargue-s-top-10","206"
"Donald Fagen’s Top 10","https://www.criterion.com/current/top-10-lists/205-donald-fagen-s-top-10","205"
"Kazu Kibuishi’s Top 10","https://www.criterion.com/current/top-10-lists/204-kazu-kibuishi-s-top-10","204"
"Zola Jesus’s Top 10","https://www.criterion.com/current/top-10-lists/202-zola-jesus-s-top-10","202"
"Roger Corman’s Top 10","https://www.criterion.com/current/top-10-lists/201-roger-corman-s-top-10","201"
"Lena Dunham’s Top 10","https://www.criterion.com/current/top-10-lists/199-lena-dunham-s-top-10","199"
"Haskell Wexler’s Top 10","https://www.criterion.com/current/top-10-lists/198-haskell-wexler-s-top-10","198"
"Nicholas Stoller’s Top 10","https://www.criterion.com/current/top-10-lists/197-nicholas-stoller-s-top-10","197"
"Andrew Loog Oldham’s Top 10","https://www.criterion.com/current/top-10-lists/193-andrew-loog-oldham-s-top-10","193"
"Andrew Weil’s Top 10","https://www.criterion.com/current/top-10-lists/192-andrew-weil-s-top-10","192"
"Christopher Nolan’s Top 10","https://www.criterion.com/current/top-10-lists/191-christopher-nolan-s-top-10","191"
"Flying Lotus’s Top 10","https://www.criterion.com/current/top-10-lists/188-flying-lotus-s-top-10","188"
"Paul Feig’s Top 10","https://www.criterion.com/current/top-10-lists/187-paul-feig-s-top-10","187"
"William Friedkin’s Top 10","https://www.criterion.com/current/top-10-lists/185-william-friedkin-s-top-10","185"
"Franc Roddam’s Top 10","https://www.criterion.com/current/top-10-lists/184-franc-roddam-s-top-10","184"
"Andrew Haigh’s Top 10","https://www.criterion.com/current/top-10-lists/182-andrew-haigh-s-top-10","182"
"Brie Larson’s Top 10","https://www.criterion.com/current/top-10-lists/180-brie-larson-s-top-10","180"
"Miguel Arteta’s Top 10","https://www.criterion.com/current/top-10-lists/179-miguel-arteta-s-top-10","179"
"Chuck Klosterman’s Top 10","https://www.criterion.com/current/top-10-lists/177-chuck-klosterman-s-top-10","177"
"Phil Rosenthal’s Top 10","https://www.criterion.com/current/top-10-lists/176-phil-rosenthal-s-top-10","176"
"John Taylor’s Top 10","https://www.criterion.com/current/top-10-lists/175-john-taylor-s-top-10","175"
"Oren Moverman’s Top 10","https://www.criterion.com/current/top-10-lists/173-oren-moverman-s-top-10","173"
"Susie Bright’s Top 10","https://www.criterion.com/current/top-10-lists/172-susie-bright-s-top-10","172"
"Dominic Monaghan’s Top 10","https://www.criterion.com/current/top-10-lists/170-dominic-monaghan-s-top-10","170"
"Michael Korda’s Top 10","https://www.criterion.com/current/top-10-lists/168-michael-korda-s-top-10","168"
"Alec Baldwin’s Top 10","https://www.criterion.com/current/top-10-lists/167-alec-baldwin-s-top-10","167"
"Nicolas Winding Refn’s Top 10","https://www.criterion.com/current/top-10-lists/164-nicolas-winding-refn-s-top-10","164"
"Aki Kaurismäki’s Top 10","https://www.criterion.com/current/top-10-lists/163-aki-kaurismaki-s-top-10","163"
"Edgar Wright’s Top 10","https://www.criterion.com/current/top-10-lists/161-edgar-wright-s-top-10","161"
"Richard Ayoade’s Top 10","https://www.criterion.com/current/top-10-lists/159-richard-ayoade-s-top-10","159"
"Robert Ben Garant and Tom Lennon’s Top 10","https://www.criterion.com/current/top-10-lists/156-robert-ben-garant-and-tom-lennon-s-top-10","156"
"Anthony Bourdain’s Top 10","https://www.criterion.com/current/top-10-lists/152-anthony-bourdain-s-top-10","152"
"John Bailey’s Top 10","https://www.criterion.com/current/top-10-lists/148-john-bailey-s-top-10","148"
"João Pedro Rodrigues’s Top 10","https://www.criterion.com/current/top-10-lists/143-joao-pedro-rodrigues-s-top-10","143"
"Bill Hader’s Top 10","https://www.criterion.com/current/top-10-lists/139-bill-hader-s-top-10","139"
"Greg Mottola’s Top 10","https://www.criterion.com/current/top-10-lists/138-greg-mottola-s-top-10","138"
"Georgia Hubley’s Top 10","https://www.criterion.com/current/top-10-lists/132-georgia-hubley-s-top-10","132"
"Scott Morse’s Top Ten","https://www.criterion.com/current/top-10-lists/129-scott-morse-s-top-ten","129"
"Guillermo del Toro’s Top 10","https://www.criterion.com/current/top-10-lists/125-guillermo-del-toro-s-top-10","125"
"Angus MacLachlan’s Top 10","https://www.criterion.com/current/top-10-lists/121-angus-maclachlan-s-top-10","121"
"Wes Anderson’s Top 10","https://www.criterion.com/current/top-10-lists/115-wes-anderson-s-top-10","115"
"Marcel Dzama’s Top 10","https://www.criterion.com/current/top-10-lists/109-marcel-dzama-s-top-10","109"
"Xavier Dolan’s Top 10","https://www.criterion.com/current/top-10-lists/102-xavier-dolan-s-top-10","102"
"Frederick Elmes’s Top 10","https://www.criterion.com/current/top-10-lists/89-frederick-elmes-s-top-10","89"
"Johnnie To’s Top 10","https://www.criterion.com/current/top-10-lists/87-johnnie-to-s-top-10","87"
"Iron and Wine’s Top 10","https://www.criterion.com/current/top-10-lists/85-iron-and-wine-s-top-10","85"
"Seth’s Top 10","https://www.criterion.com/current/top-10-lists/84-seth-s-top-10","84"
"Pedro Costa’s Top 10","https://www.criterion.com/current/top-10-lists/80-pedro-costa-s-top-10","80"
"Michael Atkinson’s Top 10","https://www.criterion.com/current/top-10-lists/77-michael-atkinson-s-top-10","77"
"Joe Mantegna’s Top 10","https://www.criterion.com/current/top-10-lists/73-joe-mantegna-s-top-10","73"
"Sonic Youth’s Top 10","https://www.criterion.com/current/top-10-lists/72-sonic-youth-s-top-10","72"
"Caitlin Kuhwald’s Top 10","https://www.criterion.com/current/top-10-lists/70-caitlin-kuhwald-s-top-10","70"
"Whit Stillman’s Top 10","https://www.criterion.com/current/top-10-lists/69-whit-stillman-s-top-10","69"
"Nathan Lee’s Top 10","https://www.criterion.com/current/top-10-lists/68-nathan-lee-s-top-10","68"
"Al Reinert’s Top 10","https://www.criterion.com/current/top-10-lists/67-al-reinert-s-top-10","67"
"Joe Swanberg’s Top 10","https://www.criterion.com/current/top-10-lists/66-joe-swanberg-s-top-10","66"
"Götz Spielmann’s Top 10","https://www.criterion.com/current/top-10-lists/65-gotz-spielmann-s-top-10","65"
"Jaime Hernandez’s Top 10","https://www.criterion.com/current/top-10-lists/64-jaime-hernandez-s-top-10","64"
"James Franco’s Top 10","https://www.criterion.com/current/top-10-lists/63-james-franco-s-top-10","63"
"Paul Morrissey’s Top 10","https://www.criterion.com/current/top-10-lists/62-paul-morrissey-s-top-10","62"
"Monte Hellman’s Top 10","https://www.criterion.com/current/top-10-lists/61-monte-hellman-s-top-10","61"
"Dave Filipi’s Top 10","https://www.criterion.com/current/top-10-lists/60-dave-filipi-s-top-10","60"
"Chris Hegedus’s Top 10","https://www.criterion.com/current/top-10-lists/59-chris-hegedus-s-top-10","59"
"Ricky Jay’s Top 10","https://www.criterion.com/current/top-10-lists/58-ricky-jay-s-top-10","58"
"Adam Yauch’s Top 10","https://www.criterion.com/current/top-10-lists/57-adam-yauch-s-top-10","57"
"Robin Wood’s Top 10","https://www.criterion.com/current/top-10-lists/56-robin-wood-s-top-10","56"
"Paul Schrader’s Top 10","https://www.criterion.com/current/top-10-lists/55-paul-schrader-s-top-10","55"
"Leanne Shapton’s Top 10","https://www.criterion.com/current/top-10-lists/54-leanne-shapton-s-top-10","54"
"David Schwartz’s Top 10","https://www.criterion.com/current/top-10-lists/53-david-schwartz-s-top-10","53"
"Tom Schnabel’s Top 10","https://www.criterion.com/current/top-10-lists/52-tom-schnabel-s-top-10","52"
"Nicolas Roeg’s Top 10","https://www.criterion.com/current/top-10-lists/51-nicolas-roeg-s-top-10","51"
"Bill Plympton’s Top 10","https://www.criterion.com/current/top-10-lists/49-bill-plympton-s-top-10","49"
"D. A. Pennebaker’s Top 10","https://www.criterion.com/current/top-10-lists/48-d-a-pennebaker-s-top-10","48"
"Patton Oswalt’s Top 10","https://www.criterion.com/current/top-10-lists/47-patton-oswalt-s-top-10","47"
"David Markey’s Top 10","https://www.criterion.com/current/top-10-lists/46-david-markey-s-top-10","46"
"Guy Maddin’s Top 10","https://www.criterion.com/current/top-10-lists/45-guy-maddin-s-top-10","45"
"Kevin Macdonald’s Top 10","https://www.criterion.com/current/top-10-lists/44-kevin-macdonald-s-top-10","44"
"Richard Linklater’s Top 10","https://www.criterion.com/current/top-10-lists/42-richard-linklater-s-top-10","42"
"John Lurie’s Top 10","https://www.criterion.com/current/top-10-lists/43-john-lurie-s-top-10","43"
"Dennis Lehane’s Top 10","https://www.criterion.com/current/top-10-lists/41-dennis-lehane-s-top-10","41"
"Christa Lang-Fuller’s Top 10","https://www.criterion.com/current/top-10-lists/40-christa-lang-fuller-s-top-10","40"
"Neil LaBute’s Top 10","https://www.criterion.com/current/top-10-lists/39-neil-labute-s-top-10","39"
"Frank Kozik’s Top 10","https://www.criterion.com/current/top-10-lists/38-frank-kozik-s-top-10","38"
"Rian Johnson’s Top 10","https://www.criterion.com/current/top-10-lists/37-rian-johnson-s-top-10","37"
"David Hudson’s Top 10","https://www.criterion.com/current/top-10-lists/36-david-hudson-s-top-10","36"
"Jean-Pierre Gorin’s Top 10","https://www.criterion.com/current/top-10-lists/35-jean-pierre-gorin-s-top-10","35"
"Bruce Goldstein’s Top 10","https://www.criterion.com/current/top-10-lists/34-bruce-goldstein-s-top-10","34"
"Matt Dentler’s Top 10","https://www.criterion.com/current/top-10-lists/32-matt-dentler-s-top-10","32"
"Gary Giddins’s Top 10","https://www.criterion.com/current/top-10-lists/33-gary-giddins-s-top-10","33"
"Peter Cowie’s Top 10","https://www.criterion.com/current/top-10-lists/31-peter-cowie-s-top-10","31"
"Stuart Cooper’s Top 10","https://www.criterion.com/current/top-10-lists/30-stuart-cooper-s-top-10","30"
"Diablo Cody’s Top 10","https://www.criterion.com/current/top-10-lists/29-diablo-cody-s-top-10","29"
"Jane Campion’s Top 10","https://www.criterion.com/current/top-10-lists/28-jane-campion-s-top-10","28"
"Steve Buscemi’s Top 10","https://www.criterion.com/current/top-10-lists/27-steve-buscemi-s-top-10","27"
"Michael Barker’s Top 10","https://www.criterion.com/current/top-10-lists/26-michael-barker-s-top-10","26"
"Ramin Bahrani’s Top 10","https://www.criterion.com/current/top-10-lists/25-ramin-bahrani-s-top-10","25"
"Allan Arkush’s Top 10","https://www.criterion.com/current/top-10-lists/24-allan-arkush-s-top-10","24"
"Allison Anders’s Top 10","https://www.criterion.com/current/top-10-lists/23-allison-anders-s-top-10","23"
"Jonathan Lethem’s Top 10","https://www.criterion.com/current/top-10-lists/13-jonathan-lethem-s-top-10","13"
"Mike Allred’s Top 10","https://www.criterion.com/current/top-10-lists/2-mike-allred-s-top-10","2"
