name,visit_date,visit_year,is_group,gender,occupations,lgbtq,n_picks,video,list_url
Griffin Dunne's Second,,2025,0,man,actors;author,0,6,https://www.youtube.com/watch?v=Jf9qeR7aJ3E,https://letterboxd.com/closetpicks/list/griffin-dunnes-second-criterion-closet-picks/
Atom Egoyan,,2025,0,man,writers;directors,0,59,https://youtu.be/X0yY-bMTFq4,https://letterboxd.com/closetpicks/list/atom-egoyans-criterion-closet-picks-1/
Masahiro Shinoda,2010-09-23,2010,0,man,directors,0,8,,https://letterboxd.com/closetpicks/list/masahiro-shinodas-criterion-closet-picks/
Darius Khondji,2010-11-09,2010,0,man,cinematographers,0,14,,https://letterboxd.com/closetpicks/list/darius-khondjis-criterion-closet-picks/
Isaach De Bankole,2010-12-09,2010,0,man,actors,0,9,,https://letterboxd.com/closetpicks/list/isaach-de-bankoles-criterion-closet-picks/
Michael K. Williams,2011-03-20,2011,0,man,actors,0,6,https://www.youtube.com/watch?v=JJiL6ps8hZQ,https://letterboxd.com/closetpicks/list/michael-k-williams-criterion-closet-picks/
Guy Maddin,2011-04-17,2011,0,man,directors,0,13,https://www.youtube.com/watch?v=TowINv3Oq8E,https://letterboxd.com/closetpicks/list/guy-maddins-criterion-closet-picks/
Bill Hader,2011-04-18,2011,0,man,comedians;actors,0,6,https://www.youtube.com/watch?v=348qOuXOAXo,https://letterboxd.com/closetpicks/list/bill-haders-criterion-closet-picks/
Robert Downey Sr.,2011-09-11,2011,0,man,directors;actors,0,15,https://www.youtube.com/watch?v=ZHBVH6ut2k8,https://letterboxd.com/closetpicks/list/robert-downey-srs-criterion-closet-picks/
Adrian Utley,2011-10-04,2011,0,man,musicians,0,5,https://www.youtube.com/watch?v=ZqNSY5xz_r8,https://letterboxd.com/closetpicks/list/adrian-utleys-criterion-closet-picks/
André Bonzel,2011-11-03,2011,0,man,writers;directors;cinematographers,0,7,https://www.youtube.com/watch?v=M0vs4ni4Tuo,https://letterboxd.com/closetpicks/list/andre-bonzels-criterion-closet-picks/
Wim Wenders,2012-01-10,2012,0,man,directors;playwright;author;photographer,0,25,https://www.youtube.com/watch?v=PtVA6nKygFs,https://letterboxd.com/closetpicks/list/wim-wenders-criterion-closet-picks/
Philip Kaufman,2012-04-11,2012,0,man,actors,0,11,https://www.youtube.com/watch?v=5sMFHvBEvKI,https://letterboxd.com/closetpicks/list/philip-kaufmans-criterion-closet-picks/
Harris Savides,2012-04-23,2012,0,man,cinematographers,0,14,https://www.youtube.com/watch?v=cQFAPBbjsaI,https://letterboxd.com/closetpicks/list/harris-savides-criterion-closet-picks/
Brothers Quay,2012-08-05,2012,0,man,animators;directors,0,16,https://www.youtube.com/watch?v=y7JQUoUcE20,https://letterboxd.com/closetpicks/list/brothers-quay-criterion-closet-picks/
Jack Garfein,2012-09-27,2012,0,man,directors;actors,0,18,https://www.youtube.com/watch?v=LhDI8R0Mskg,https://letterboxd.com/closetpicks/list/jack-garfeins-criterion-closet-picks/
Guillermo del Toro,2013-01-14,2013,0,man,directors,0,9,https://www.youtube.com/watch?v=49Al7eYy6sg,https://letterboxd.com/closetpicks/list/guillermo-del-toros-criterion-closet-picks/
James Acheson,2013-01-30,2013,0,man,designers;costume-designers,0,3,https://www.youtube.com/watch?v=-3Q3AQ4W9Wk,https://letterboxd.com/closetpicks/list/james-achesons-criterion-closet-picks/
Alec Baldwin,2013-05-08,2013,0,man,actors,0,5,https://www.youtube.com/watch?v=aRQ4DRUIJBc,https://letterboxd.com/closetpicks/list/alec-baldwins-criterion-closet-picks/
Nicolas Winding Refn,2013-07-18,2013,0,man,directors;writers,0,11,https://www.youtube.com/watch?v=WMfI1AVAF_8,https://letterboxd.com/closetpicks/list/nicolas-winding-refns-criterion-closet-picks/
Alfonso Cuaron and Pawel Pawlikowski,2013-10-03,2013,1,man,directors,0,18,https://www.youtube.com/watch?v=BGvcB42YnM8,https://letterboxd.com/closetpicks/list/alfonso-cuaron-and-pawel-pawlikowskis-criterion/
Bong Joon-ho,2014-07-07,2014,0,man,directors;writers,0,19,https://www.youtube.com/watch?v=qBgZQCkUp7E,https://letterboxd.com/closetpicks/list/bong-joon-hos-criterion-closet-picks/
Richard Ayoade,2014-08-03,2014,0,man,actors;comedians;directors,0,5,https://www.youtube.com/watch?v=yNWUQWSFeQ8,https://letterboxd.com/closetpicks/list/richard-ayoades-criterion-closet-picks/
Slavoj Zizek,2014-09-25,2014,0,man,philosophers;theorists,0,16,https://www.youtube.com/watch?v=OqpxT_iJ8Mc,https://letterboxd.com/closetpicks/list/slavoj-zizeks-criterion-closet-picks/
William Friedkin,2014-10-02,2014,0,man,directors,0,7,https://www.youtube.com/watch?v=63VRJQYcNn0,https://letterboxd.com/closetpicks/list/william-friedkins-criterion-closet-picks/
Volker Schlondorff,2014-10-16,2014,0,man,directors;writers,0,9,https://www.youtube.com/watch?v=Egip8AX68EI,https://letterboxd.com/closetpicks/list/volker-schlondorffs-criterion-closet-picks/
Mike Leigh,2014-12-16,2014,0,man,writers;directors,0,11,https://www.youtube.com/watch?v=f31TXhdC-Ps,https://letterboxd.com/closetpicks/list/mike-leighs-criterion-closet-picks/
Ruben Östlund,2015-01-22,2015,0,man,directors;writers,0,5,https://www.youtube.com/watch?v=0Z2UYLTsPwY,https://letterboxd.com/closetpicks/list/ruben-ostlunds-criterion-closet-picks/
Edgar Wright,2015-03-04,2015,0,man,directors,0,6,https://www.youtube.com/watch?v=M99gL8IBMZw,https://letterboxd.com/closetpicks/list/edgar-wrights-criterion-closet-picks/
Andre Gregory and Wallace Shawn,2015-06-09,2015,1,man,actors;comedians;playwright;writers;essayists,0,8,https://www.youtube.com/watch?v=xjMy2RSgBAo,https://letterboxd.com/closetpicks/list/andre-gregory-and-wallace-shawns-criterion/
Michael Cera,2015-06-22,2015,0,man,actors,0,10,https://www.youtube.com/watch?v=5CODR5TU8RM,https://letterboxd.com/closetpicks/list/michael-ceras-criterion-closet-picks/
The Wolfpack,2015-07-06,2015,1,man,actors,0,38,https://www.youtube.com/watch?v=edCT-dyYA0s,https://letterboxd.com/closetpicks/list/the-wolfpacks-criterion-closet-picks/
Patrick Brice,2015-09-14,2015,0,man,writers;directors,0,9,https://www.youtube.com/watch?v=D1r8aWfOXcI,https://letterboxd.com/closetpicks/list/patrick-brices-criterion-closet-picks/
Laurie Anderson,2015-10-21,2015,0,woman,artist;musicians;directors,0,15,https://www.youtube.com/watch?v=Kc9_lqHmNsg,https://letterboxd.com/closetpicks/list/laurie-andersons-criterion-closet-picks/
Gaspar Noé,2015-11-05,2015,0,man,directors,0,22,https://www.youtube.com/watch?v=U_2R7T4-78E,https://letterboxd.com/closetpicks/list/gaspar-noes-criterion-closet-picks/
Sean Baker,2015-12-07,2015,0,man,directors;writers;cinematographers;editors,0,22,https://www.youtube.com/watch?v=lCv5MnpDqYc,https://letterboxd.com/closetpicks/list/sean-bakers-criterion-closet-picks/
Andrew Haigh and Charlotte Rampling,2015-12-23,2015,1,mixed,actors;directors;editors;writers,0,16,https://www.youtube.com/watch?v=F3-hyGZuyqk,https://letterboxd.com/closetpicks/list/andrew-haigh-and-charlotte-ramplings-criterion/
Asif Kapadia,2016-02-25,2016,0,man,directors;documentarians,0,21,https://www.youtube.com/watch?v=fIj80K2AGnY,https://letterboxd.com/closetpicks/list/asif-kapadias-criterion-closet-picks/
Joachim Trier,2016-04-14,2016,0,man,directors,0,32,https://www.youtube.com/watch?v=qF3qYnnuGxI,https://letterboxd.com/closetpicks/list/joachim-triers-criterion-closet-picks/
Chris Eigeman,2016-04-21,2016,0,man,actors;directors,0,16,https://www.youtube.com/watch?v=3ubQAunfwdo,https://letterboxd.com/closetpicks/list/chris-eigemans-criterion-closet-picks/
Yorgos Lanthimos and Ariane Labed,2016-05-12,2016,1,mixed,directors;actors,0,14,https://www.youtube.com/watch?v=3QAY9OY-ho4,https://letterboxd.com/closetpicks/list/yorgos-lanthimos-and-ariane-labeds-criterion/
Anna Karina,2016-05-12,2016,0,woman,actors,0,5,https://www.youtube.com/watch?v=uZvRtwCQs44,https://letterboxd.com/closetpicks/list/anna-karinas-criterion-closet-picks/
Ira Sachs,2016-08-09,2016,0,man,directors;writers,1,16,https://www.youtube.com/watch?v=FA4mnGD5Qi8,https://letterboxd.com/closetpicks/list/ira-sachs-criterion-closet-picks/
Louis Garrel,2016-08-30,2016,0,man,actors,0,30,https://www.youtube.com/watch?v=c2Xf_iXTjXg,https://letterboxd.com/closetpicks/list/louis-garrels-criterion-closet-picks/
Laura Albert and Jeff Feuerzeig,2016-09-08,2016,1,mixed,writers;directors;documentarians;author;novelists,0,10,https://www.youtube.com/watch?v=5sDoDOWAflY,https://letterboxd.com/closetpicks/list/laura-albert-and-jeff-feuerzeigs-criterion/
Tim Robbins,2016-10-16,2016,0,man,actors;directors,0,13,https://www.youtube.com/watch?v=Ylv_adLFI9M,https://letterboxd.com/closetpicks/list/tim-robbins-criterion-closet-picks/
Owen Kline,2016-12-02,2016,0,man,actors;directors,0,21,https://www.youtube.com/watch?v=zrllJjiEYg8,https://letterboxd.com/closetpicks/list/owen-klines-criterion-closet-picks/
Barry Jenkins,2017-01-24,2018,0,man,directors,0,44,https://www.youtube.com/watch?v=R7HLpe65fHY,https://letterboxd.com/closetpicks/list/barry-jenkins-criterion-closet-picks/
Phil Rosenthal,2017-03-09,2017,0,man,tv-writer,0,14,https://www.youtube.com/watch?v=fkS1CpXhv9c,https://letterboxd.com/closetpicks/list/phil-rosenthals-criterion-closet-picks/
Amy Heckerling,2017-04-03,2017,0,woman,directors,0,7,https://www.youtube.com/watch?v=jsmRYmwB_HU,https://letterboxd.com/closetpicks/list/amy-heckerlings-criterion-closet-picks/
Ben Wheatley,2017-05-02,2017,0,man,directors,0,36,https://www.youtube.com/watch?v=vago4fXtJvw,https://letterboxd.com/closetpicks/list/ben-wheatleys-criterion-closet-picks/
Matías Piñeiro,2017-05-23,2017,0,man,directors;writers,0,18,https://www.youtube.com/watch?v=fZB0eT4ayzY,https://letterboxd.com/closetpicks/list/matias-pineiros-criterion-closet-picks/
Barry Levinson,2017-06-11,2017,0,man,directors,0,11,https://www.youtube.com/watch?v=cqr3e6m8DGY,https://letterboxd.com/closetpicks/list/barry-levinsons-criterion-closet-picks/
Aubrey Plaza and Jeff Baena,2017-07-16,2017,1,mixed,actors;writers;directors;comedians,0,18,https://www.youtube.com/watch?v=b78bW2EoXeM,https://letterboxd.com/closetpicks/list/aubrey-plaza-and-jeff-baenas-criterion-closet/
Alicia Malone,2017-08-22,2017,0,woman,tv-host;author,0,9,https://www.youtube.com/watch?v=7QT96iMk0Kw,https://letterboxd.com/closetpicks/list/alicia-malones-criterion-closet-picks/
Josh and Benny Safdie,2017-09-10,2017,1,man,actors;directors;writers,0,83,https://www.youtube.com/watch?v=jSdxbBsShak,https://letterboxd.com/closetpicks/list/josh-and-benny-safdies-criterion-closet-picks/
Agnès Varda,2017-10-03,2017,0,woman,directors;artist;professors;photographer,0,7,https://www.youtube.com/watch?v=s7Jx0Pjq_kQ,https://letterboxd.com/closetpicks/list/agnes-vardas-criterion-closet-picks/
Isabelle Huppert,2017-11-13,2017,0,woman,actors,0,18,https://www.youtube.com/watch?v=rcBivDDUMTM,https://letterboxd.com/closetpicks/list/isabelle-hupperts-criterion-closet-picks/
Alexander Payne,2017-12-06,2017,0,man,writers;directors,0,13,https://www.youtube.com/watch?v=vMypwNZ2JBI,https://letterboxd.com/closetpicks/list/alexander-paynes-criterion-closet-picks/
Flying Lotus,2018-01-18,2018,0,man,musicians;directors,0,15,https://www.youtube.com/watch?v=MAysUV9xN6c,https://letterboxd.com/closetpicks/list/flying-lotus-criterion-closet-picks/
Lee Unkrich,2018-02-13,2018,0,man,,0,12,https://www.youtube.com/watch?v=WnO5_ZfUDoM,https://letterboxd.com/closetpicks/list/lee-unkrichs-criterion-closet-picks/
Ethan Hawke and Jonathan Marc Sherman,2018-03-22,2018,1,man,actors,0,22,https://www.youtube.com/watch?v=ETrJUaoa1Zc,https://letterboxd.com/closetpicks/list/ethan-hawke-and-jonathan-marc-shermans-criterion/
Juliette Binoche,2018-05-03,2018,0,woman,actors,0,21,,https://letterboxd.com/closetpicks/list/juliette-binoches-criterion-closet-picks/
Tavi Gevinson,2018-05-15,2018,0,woman,actors;bloggers;magazine-editors,0,18,https://youtu.be/6hSwRskOwdU?si=4DzfE0VSPz7jnAWg&amp;t=69,https://letterboxd.com/closetpicks/list/tavi-gevinsons-criterion-closet-picks/
Cristian Mungiu,2018-07-10,2018,0,man,writers;directors,0,7,https://www.youtube.com/watch?v=8gxFRWp4gVU,https://letterboxd.com/closetpicks/list/cristian-mungius-criterion-closet-picks/
Claire Denis,2018-08-07,2018,0,woman,directors;writers,0,10,https://www.youtube.com/watch?v=60ANFzjSnLo,https://letterboxd.com/closetpicks/list/claire-deniss-criterion-closet-picks/
Lucrecia Martel,2018-09-17,2018,0,woman,directors;writers,0,11,https://www.youtube.com/watch?v=iwhenYVvCVE,https://letterboxd.com/closetpicks/list/lucrecia-martels-criterion-closet-picks/
M.I.A. and Stephen Loveridge,2018-10-31,2018,1,mixed,musicians;documentarians,0,7,https://www.youtube.com/watch?v=08UA7zgLanc,https://letterboxd.com/closetpicks/list/mia-and-stephen-loveridges-criterion-closet/
That One Time Five Comics Raided The,2019-02-13,2019,1,mixed,comedians,1,28,https://www.youtube.com/watch?v=d7zuU2a_Tt4,https://letterboxd.com/closetpicks/list/that-one-time-five-comics-raided-the-criterion/
Richard E. Grant,2019-03-15,2019,0,man,actors,0,11,https://www.youtube.com/watch?v=OpuQ4-CCct4,https://letterboxd.com/closetpicks/list/richard-e-grants-criterion-closet-picks/
Euzhan Palcy,2019-04-24,2019,0,woman,directors,0,17,https://www.youtube.com/watch?v=L5P4n_sxkA0&amp;list=PL7D89754A5DAD1E8E&amp;index=93,https://letterboxd.com/closetpicks/list/euzhan-palcys-criterion-closet-picks/
Terry Gilliam,2019-05-09,2019,0,man,directors;animators;writers,0,51,https://www.youtube.com/watch?v=926c1196Pnk,https://letterboxd.com/closetpicks/list/terry-gilliams-criterion-closet-picks/
Paul Dano,2019-06-25,2019,0,man,actors;directors,0,12,https://www.youtube.com/watch?v=1dWuslij1o8,https://letterboxd.com/closetpicks/list/paul-danos-criterion-closet-picks/
Jacqueline Novak and John Early,2019-07-31,2019,1,mixed,comedians;actors,1,13,https://www.youtube.com/watch?v=k9c6EUVVWjU,https://letterboxd.com/closetpicks/list/jacqueline-novak-and-john-earlys-criterion/
Kim Cattrall,2019-08-26,2019,0,woman,actors,0,17,https://www.youtube.com/watch?v=o2Lj-2N2EPQ,https://letterboxd.com/closetpicks/list/kim-cattralls-criterion-closet-picks/
John Waters,2019-09-18,2019,0,man,directors;actors,1,6,https://www.youtube.com/watch?v=std013XVxSk,https://letterboxd.com/closetpicks/list/john-waters-criterion-closet-picks/
John Sayles,2019-11-03,2019,0,man,directors;actors;writers;novelists;editors,0,5,https://www.youtube.com/watch?v=g4SrBi2bYiM,https://letterboxd.com/closetpicks/list/john-sayles-criterion-closet-picks/
Leslie Harris,2019-11-27,2019,0,woman,directors,0,10,https://www.youtube.com/watch?v=Uk53DeosP00,https://letterboxd.com/closetpicks/list/leslie-harris-criterion-closet-picks/
Peter Sarsgaard,2019-12-18,2019,0,man,actors,0,7,https://www.youtube.com/watch?v=5YxJY2W4b4U,https://letterboxd.com/closetpicks/list/peter-sarsgaards-criterion-closet-picks/
Marco Bellocchio,2020-02-04,2020,0,man,directors,0,7,https://www.youtube.com/watch?v=3xJ0c1haJfc,https://letterboxd.com/closetpicks/list/marco-bellocchios-criterion-closet-picks/
Ben Sinclair,2020-03-02,2020,0,man,actors;writers;tv-writer,0,9,https://www.youtube.com/watch?v=dydNJiJ8dCA,https://letterboxd.com/closetpicks/list/ben-sinclairs-criterion-closet-picks/
Karina Longworth,2020-04-22,2020,0,woman,podcasters,0,13,https://www.youtube.com/watch?v=AHUyj4kFmF4,https://letterboxd.com/closetpicks/list/karina-longworths-criterion-closet-picks/
Desiree Akhavan,2020-07-06,2023,0,woman,writers;directors;actors,0,13,https://www.youtube.com/watch?v=hQWo5_ZJct8,https://letterboxd.com/closetpicks/list/desiree-akhavans-criterion-closet-picks/
Jenni Olson,2020-08-18,2020,0,woman,directors;historian,1,11,https://www.youtube.com/watch?v=oJt67JhZ1EI,https://letterboxd.com/closetpicks/list/jenni-olsons-criterion-closet-picks/
John Dwyer,2020-09-24,2020,0,man,musicians,0,7,https://www.youtube.com/watch?v=g_sFEPf61_g,https://letterboxd.com/closetpicks/list/john-dwyers-criterion-closet-picks/
Matthew Modine,2021-01-15,2021,0,man,actors,0,6,https://www.youtube.com/watch?v=Gugp7YzVuC4,https://letterboxd.com/closetpicks/list/matthew-modines-criterion-closet-picks/
James L. Brooks,2021-03-22,2021,0,man,directors,0,16,https://www.youtube.com/watch?v=HRr5Ivc40CI,https://letterboxd.com/closetpicks/list/james-l-brookss-criterion-closet-picks/
Isabel Sandoval,2021-05-02,2021,0,woman,directors;writers;actors,1,52,https://www.youtube.com/watch?v=NySo5Sggpu0,https://letterboxd.com/closetpicks/list/isabel-sandovals-criterion-closet-picks/
Nathan Lane,2021-06-09,2021,0,man,actors,1,13,https://www.youtube.com/watch?v=iQfYMeRjR1g,https://letterboxd.com/closetpicks/list/nathan-lanes-criterion-closet-picks/
Joanna Hogg,2021-07-13,2021,0,woman,directors;writers,0,7,https://www.youtube.com/watch?v=d1BCAKfsoDk,https://letterboxd.com/closetpicks/list/joanna-hoggs-criterion-closet-picks/
Rodarte,2021-09-23,2021,1,woman,designers,0,9,https://www.youtube.com/watch?v=E-drTe77WU8,https://letterboxd.com/closetpicks/list/rodartes-criterion-closet-picks/
Colin Quinn,2021-11-09,2021,0,man,comedians;actors,0,9,https://www.youtube.com/watch?v=suNwxjzS6a8,https://letterboxd.com/closetpicks/list/colin-quinns-criterion-closet-picks/
Kemp Powers,2021-12-10,2021,0,man,writers;directors,0,7,https://www.youtube.com/watch?v=T2v6g61FgQU,https://letterboxd.com/closetpicks/list/kemp-powers-criterion-closet-picks/
Garrett Bradley,2022-02-24,2022,0,woman,directors;documentarians,0,33,https://www.youtube.com/watch?v=U7QE6yAGyqc,https://letterboxd.com/closetpicks/list/garrett-bradleys-criterion-closet-picks/
Theodore Witcher,2022-03-30,2022,0,man,writers;directors,0,14,https://www.youtube.com/watch?v=t4XEKJ9mI9A,https://letterboxd.com/closetpicks/list/theodore-witchers-criterion-closet-picks/
Sarita Choudhury,2022-04-14,2022,0,woman,actors,0,12,https://www.youtube.com/watch?v=wjnW5iZwo9Q,https://letterboxd.com/closetpicks/list/sarita-choudhurys-criterion-closet-picks/
Charlotte Gainsbourg,2022-05-05,2022,0,woman,actors;musicians,0,27,https://www.youtube.com/watch?v=y10-tjb5Y5w,https://letterboxd.com/closetpicks/list/charlotte-gainsbourgs-criterion-closet-picks/
Renate Reinsve,2022-06-29,2022,0,woman,actors,0,21,https://www.youtube.com/watch?v=FAhUrrvwWPQ,https://letterboxd.com/closetpicks/list/renate-reinsves-criterion-closet-picks/
Minnie Driver,2022-07-20,2022,0,woman,actors,0,7,https://www.youtube.com/watch?v=B-7snPxjLQ8,https://letterboxd.com/closetpicks/list/minnie-drivers-criterion-closet-picks/
Wilco,2022-08-18,2022,1,man,musicians,0,18,https://www.youtube.com/watch?v=jhkXwYOwU5g,https://letterboxd.com/closetpicks/list/wilcos-criterion-closet-picks/
Kyle MacLachlan,2022-09-05,2022,0,man,actors;letterboxd-members,0,7,https://www.youtube.com/watch?v=gzdBFeaNFSA,https://letterboxd.com/closetpicks/list/kyle-maclachlans-criterion-closet-picks/
Gina Prince-Bythewood,2022-09-18,2023,0,woman,directors;writers,0,18,https://www.youtube.com/watch?v=42NzYofW5eM,https://letterboxd.com/closetpicks/list/gina-prince-bythewoods-criterion-closet-picks/
Saul Williams and Anisia Uzeyman's Criterion Closet Picks!,2022-10-04,2022,1,mixed,directors,0,10,https://www.youtube.com/watch?v=Wn1Yh3N0zjA,https://letterboxd.com/closetpicks/list/saul-williams-and-anisia-uzeymans-criterion/
Cate Blanchett and Todd Field,2022-10-25,2022,1,mixed,actors;directors,0,71,https://www.youtube.com/watch?v=K_rAKw7q6RY,https://letterboxd.com/closetpicks/list/cate-blanchett-and-todd-fields-criterion/
Ron Shelton,2022-11-03,2022,0,man,directors;author,0,7,https://www.youtube.com/watch?v=Ubj-944IcYI,https://letterboxd.com/closetpicks/list/ron-sheltons-criterion-closet-picks/
Frederick Wiseman,2022-11-09,2022,0,man,directors,0,6,https://www.youtube.com/watch?v=kOpRVNqOZUA,https://letterboxd.com/closetpicks/list/frederick-wisemans-criterion-closet-picks/
Elvis Mitchell,2022-11-11,2022,0,man,documentarians;historian;critic,0,13,https://www.youtube.com/watch?v=eF2QMmh_l1M,https://letterboxd.com/closetpicks/list/elvis-mitchells-criterion-closet-picks/
Sally Potter,2022-11-18,2022,0,woman,writers;directors,0,8,https://www.youtube.com/watch?v=LIBhzriiG-g,https://letterboxd.com/closetpicks/list/sally-potters-criterion-closet-picks/
Joyce Chopra,2022-11-22,2022,0,woman,writers;directors,0,2,,https://letterboxd.com/closetpicks/list/joyce-chopras-criterion-closet-picks/
Neal Brennan,2022-11-28,2024,0,man,comedians;writers;directors,0,9,,https://letterboxd.com/closetpicks/list/neal-brennans-criterion-closet-picks/
Marc Maron,2022-12-07,2022,0,man,comedians;actors;podcasters,0,11,https://www.youtube.com/watch?v=giq9THI1RSU,https://letterboxd.com/closetpicks/list/marc-marons-criterion-closet-picks/
Griffin Dunne & Amy Robinson,2022-12-09,2022,1,mixed,producers;actors;directors,0,4,,https://letterboxd.com/closetpicks/list/griffin-dunne-amy-robinsons-criterion-closet/
Letterboxd,2022-12-09,2022,1,mixed,podcasters;letterboxd-members,0,17,https://www.youtube.com/watch?v=nhq6_RYVeBI,https://letterboxd.com/closetpicks/list/letterboxds-criterion-closet-picks/
Jerzy Skolimowski,2022-12-09,2022,0,man,directors;writers;actors,0,9,https://www.youtube.com/watch?v=VC-4KKe3WGM,https://letterboxd.com/closetpicks/list/jerzy-skolimowskis-criterion-closet-picks/
Amir Naderi,2022-12-15,2022,0,man,writers;directors,0,12,https://www.youtube.com/watch?v=hDgU4rZRnGs,https://letterboxd.com/closetpicks/list/amir-naderis-criterion-closet-picks/
Vicky Krieps,2022-12-22,2022,0,woman,actors,0,9,https://www.youtube.com/watch?v=mAanJ3WWKjw,https://letterboxd.com/closetpicks/list/vicky-krieps-criterion-closet-picks/
Oliver Hermanus,2022-12-26,2022,0,man,directors,0,3,,https://letterboxd.com/closetpicks/list/oliver-hermanus-criterion-closet-picks/
Marie Kreutzer,2022-12-27,2022,0,woman,directors,0,3,,https://letterboxd.com/closetpicks/list/marie-kreutzers-criterion-closet-picks/
Rodrigo Prieto,2023-01-02,2023,0,man,cinematographers,0,9,https://www.youtube.com/watch?v=YQ8h7cyDr1Q,https://letterboxd.com/closetpicks/list/rodrigo-prietos-criterion-closet-picks/
Elegance Bratton,2023-01-10,2023,0,man,writers;directors,1,21,https://www.youtube.com/watch?v=7eZDsZWqrBE,https://letterboxd.com/closetpicks/list/elegance-brattons-criterion-closet-picks/
Margaret Brown,2023-01-13,2023,0,woman,documentarians,0,6,,https://letterboxd.com/closetpicks/list/margaret-browns-criterion-closet-picks/
Charlotte Wells,2023-01-18,2023,0,,directors;writers,1,12,https://www.youtube.com/watch?v=4uIXEiSB87I,https://letterboxd.com/closetpicks/list/charlotte-wells-criterion-closet-picks/
Joel Kim Booster,2023-01-22,2024,0,man,writers;actors;producers;comedians,1,33,https://www.youtube.com/watch?v=G-GfwsmtLn8,https://letterboxd.com/closetpicks/list/joel-kim-boosters-criterion-closet-picks/
Callum Turner,2023-01-24,2024,0,man,actors,0,35,https://youtu.be/cQJp-FoH0Es,https://letterboxd.com/closetpicks/list/callum-turners-criterion-closet-picks/
John Darnielle,2023-01-25,2023,0,man,musicians;novelists,0,22,https://www.youtube.com/watch?v=8xngHLBEXnE,https://letterboxd.com/closetpicks/list/john-darnielles-criterion-closet-picks/
Daniels,2023-02-03,2023,1,man,writers;directors,0,33,https://www.youtube.com/watch?v=ZpZXgO_3vN4,https://letterboxd.com/closetpicks/list/daniels-criterion-closet-picks/
Floyd Norman,2023-02-13,2023,0,man,animators,0,8,https://www.youtube.com/watch?v=mSuVyxoy6Hw,https://letterboxd.com/closetpicks/list/floyd-normans-criterion-closet-picks/
Sara Dosa,2023-02-24,2023,0,woman,directors;documentarians,0,29,https://www.youtube.com/watch?v=-thqiKKZack,https://letterboxd.com/closetpicks/list/sara-dosas-criterion-closet-picks/
Anne Alvergue and Debra McClutchy,2023-02-28,2023,1,woman,documentarians,0,11,,https://letterboxd.com/closetpicks/list/anne-alvergue-and-debra-mcclutchys-criterion/
Daniel Roher,2023-03-03,2023,0,man,documentarians,0,6,,https://letterboxd.com/closetpicks/list/daniel-rohers-criterion-closet-picks/
Cauleen Smith,2023-03-16,2023,0,woman,directors,0,16,https://www.youtube.com/watch?v=aYvCHrvbWLs,https://letterboxd.com/closetpicks/list/cauleen-smiths-criterion-closet-picks/
Pauline Chalamet,2023-03-28,2023,0,woman,actors,0,19,https://www.youtube.com/watch?v=muWBBWZpd4Q,https://letterboxd.com/closetpicks/list/pauline-chalamets-criterion-closet-picks/
Mark Jenkin,2023-03-29,2023,0,man,directors;writers;editors,0,19,,https://letterboxd.com/closetpicks/list/mark-jenkins-criterion-closet-picks/
François Girard,2023-03-31,2025,0,man,writers;directors,0,16,https://www.youtube.com/watch?v=frNkePt5Eac,https://letterboxd.com/closetpicks/list/francois-girards-criterion-closet-picks/
Daniel Goldhaber,2023-04-06,2023,0,man,directors,0,3,,https://letterboxd.com/closetpicks/list/daniel-goldhabers-criterion-closet-picks/
Chie Hayakawa,2023-04-18,2023,0,woman,directors,0,8,,https://letterboxd.com/closetpicks/list/chie-hayakawas-criterion-closet-picks/
Ari Aster,2023-04-19,2023,0,man,directors,0,30,https://www.youtube.com/watch?v=psV-DcsnU1Y,https://letterboxd.com/closetpicks/list/ari-asters-criterion-closet-picks/
Isabella Rossellini,2023-04-23,2023,0,woman,actors;directors;author;models,0,18,,https://letterboxd.com/closetpicks/list/isabella-rossellinis-criterion-closet-picks/
Cyril Schäublin,2023-05-04,2023,0,man,directors,0,12,,https://letterboxd.com/closetpicks/list/cyril-schaublins-criterion-closet-picks/
Charlie Day,2023-05-08,2023,0,man,actors;directors,0,53,https://www.youtube.com/watch?v=lQMK7yKCaUM,https://letterboxd.com/closetpicks/list/charlie-days-criterion-closet-picks/
Matt Johnson,2023-05-11,2023,0,man,writers;directors;actors,0,5,https://youtu.be/IfF053GTFrY?si=UNf5dp-m2zs9vwJe,https://letterboxd.com/closetpicks/list/matt-johnsons-criterion-closet-picks/
Benjamin Millepied,2023-05-15,2023,0,man,directors;choreographers;dancers,0,12,https://www.youtube.com/watch?v=uF970Ynyb3U,https://letterboxd.com/closetpicks/list/benjamin-millepieds-criterion-closet-picks/
"Alessandro Borghi, Felix van Groeningen, and Charlotte Vandermeersch",2023-05-18,2023,1,mixed,directors;actors,0,18,https://www.youtube.com/watch?v=gDK8bLi2PoA,https://letterboxd.com/closetpicks/list/alessandro-borghi-felix-van-groeningen-and/
Carl Franklin,2023-05-23,2023,0,man,directors;actors,0,20,https://www.youtube.com/watch?v=PnYhi85VmVE,https://letterboxd.com/closetpicks/list/carl-franklins-criterion-closet-picks/
Gregg Araki,2023-06-01,2023,0,man,directors,1,7,https://www.youtube.com/watch?v=Nl_6j3NDZjw,https://letterboxd.com/closetpicks/list/gregg-arakis-criterion-closet-picks/
Trace Lysette,2023-06-07,2023,0,woman,actors,1,15,https://www.youtube.com/watch?v=oRNgOmL0BuQ,https://letterboxd.com/closetpicks/list/trace-lysettes-criterion-closet-picks/
Jeanie Finlay,2023-06-08,2023,0,woman,directors;documentarians,0,2,,https://letterboxd.com/closetpicks/list/jeanie-finlays-criterion-closet-picks/
Jason Schwartzman,2023-06-13,2024,0,man,actors,0,17,https://www.youtube.com/watch?v=92yxBp7tce4,https://letterboxd.com/closetpicks/list/jason-schwartzmans-criterion-closet-picks/
Michael Shannon,2023-06-13,2023,0,man,actors,0,13,https://www.youtube.com/watch?v=Ewx-oog2kmQ,https://letterboxd.com/closetpicks/list/michael-shannons-criterion-closet-picks/
Dustin Guy Defa,2023-06-13,2023,0,,directors,0,23,,https://letterboxd.com/closetpicks/list/dustin-guy-defas-criterion-closet-picks/
Paula Beer,2023-06-15,2023,0,woman,actors,0,3,,https://letterboxd.com/closetpicks/list/paula-beers-criterion-closet-picks/
Hideo Kojima,2023-06-16,2023,0,man,video-game-creator,0,13,https://www.youtube.com/watch?v=YUou0rghddc,https://letterboxd.com/closetpicks/list/hideo-kojimas-criterion-closet-picks/
Yo La Tengo,2023-06-19,2023,1,mixed,musicians,0,15,https://www.youtube.com/watch?v=IhICyf1kUUw,https://letterboxd.com/closetpicks/list/yo-la-tengos-criterion-closet-picks/
Patton Oswalt,2023-06-25,2023,0,man,actors;comedians,0,9,https://www.youtube.com/watch?v=fH2lRZJMmSA,https://letterboxd.com/closetpicks/list/patton-oswalts-criterion-closet-picks/
Susanna Hoffs,2023-06-27,2023,0,woman,musicians,0,8,https://www.youtube.com/watch?v=CUu3VsxUMsw,https://letterboxd.com/closetpicks/list/susanna-hoffs-criterion-closet-picks/
Agnès B.,2023-07-02,2023,0,woman,fashion-designers;designers,0,45,https://www.youtube.com/watch?v=KnBJbIzYI80,https://letterboxd.com/closetpicks/list/agnes-bs-criterion-closet-picks/
Manuel Garcia-Rulfo,2023-07-04,2023,0,man,actors,0,6,https://www.youtube.com/watch?v=1PvtSPjBvyU,https://letterboxd.com/closetpicks/list/manuel-garcia-rulfos-criterion-closet-picks/
Raúl Castillo,2023-07-06,2023,0,man,actors,0,11,https://www.youtube.com/watch?v=FurjMTpCV9s,https://letterboxd.com/closetpicks/list/raul-castillos-criterion-closet-picks/
Roger and James Deakins,2023-07-10,2023,1,mixed,directors;podcasters,0,13,https://www.youtube.com/watch?v=juhiRVORJ8o,https://letterboxd.com/closetpicks/list/roger-and-james-deakins-criterion-closet/
Julio Torres,2023-07-10,2024,0,man,actors;writers;directors;comedians,1,13,https://www.youtube.com/watch?v=elTc11bMkDs,https://letterboxd.com/closetpicks/list/julio-torres-criterion-closet-picks/
James Gray,2023-07-10,2023,0,,directors,0,4,,https://letterboxd.com/closetpicks/list/james-grays-criterion-closet-picks/
Christian Petzold,2023-07-12,2023,0,man,directors,0,15,https://www.youtube.com/watch?v=qnz4FmBO2RY,https://letterboxd.com/closetpicks/list/christian-petzolds-criterion-closet-picks/
Jean-Pierre and Luc Dardenne,2023-07-18,2023,1,man,writers;directors,0,9,https://www.youtube.com/watch?v=6sTDUur1III,https://letterboxd.com/closetpicks/list/jean-pierre-and-luc-dardennes-criterion-closet/
Rickie Lee Jones,2023-07-30,2023,0,woman,musicians,0,21,https://www.youtube.com/watch?v=Ru_7YGRLoG8,https://letterboxd.com/closetpicks/list/rickie-lee-jones-criterion-closet-picks/
Rebecca Miller,2023-07-31,2023,0,woman,directors,0,8,https://www.youtube.com/watch?v=FcyNcbgapbE,https://letterboxd.com/closetpicks/list/rebecca-millers-criterion-closet-picks/
Mary Harron,2023-08-03,2023,0,woman,directors,0,17,https://www.youtube.com/watch?v=n4sA7UOBC_c,https://letterboxd.com/closetpicks/list/mary-harrons-criterion-closet-picks/
Park Chan-wook,2023-08-09,2023,0,man,directors,0,30,,https://letterboxd.com/closetpicks/list/park-chan-wooks-criterion-closet-picks/
Anton Corbijn,2023-08-16,2023,0,man,directors,0,14,https://www.youtube.com/watch?v=OTzyn4xNU9M,https://letterboxd.com/closetpicks/list/anton-corbijns-criterion-closet-picks/
Ann Oren,2023-08-22,2023,0,woman,directors,0,2,,https://letterboxd.com/closetpicks/list/ann-orens-criterion-closet-picks/
Alan Palomo,2023-08-24,2023,0,man,musicians,0,8,https://www.youtube.com/watch?v=OQ0TJ1IkZIo,https://letterboxd.com/closetpicks/list/alan-palomos-criterion-closet-picks/
Guy Nattiv,2023-08-24,2023,0,man,directors,0,2,,https://letterboxd.com/closetpicks/list/guy-nattivs-criterion-closet-picks/
Lav Diaz,2023-08-24,2023,0,man,directors,0,2,,https://letterboxd.com/closetpicks/list/lav-diaz-criterion-closet-picks/
Roger Corman,2023-09-04,2023,0,man,directors,0,6,https://www.youtube.com/watch?v=-paCwBPzHX0,https://letterboxd.com/closetpicks/list/roger-cormans-criterion-closet-picks/
Aitch Alberto,2023-09-07,2023,0,woman,writers;directors,1,4,,https://letterboxd.com/closetpicks/list/aitch-albertos-criterion-closet-picks/
Tyler Mitchell,2023-09-17,2023,0,man,photographer;artist,1,18,https://www.youtube.com/watch?v=Xupq6TR3Q9Y,https://letterboxd.com/closetpicks/list/tyler-mitchells-criterion-closet-picks/
Jeremy Thomas,2023-09-18,2024,0,man,directors;producers,0,16,https://www.youtube.com/watch?v=7pFXCqtYmDM,https://letterboxd.com/closetpicks/list/jeremy-thomas-criterion-closet-picks/
Matt Wolf,2023-09-25,2023,0,man,202;directors,0,2,,https://letterboxd.com/closetpicks/list/matt-wolfs-criterion-closet-picks/
Gregg Araki and James Duval,2023-09-27,2023,1,man,directors;actors,0,9,,https://letterboxd.com/closetpicks/list/gregg-araki-and-james-duvals-criterion-closet/
Chloe Domont,2023-09-28,2023,0,woman,directors,0,4,,https://letterboxd.com/closetpicks/list/chloe-domonts-criterion-closet-picks/
Paul B. Preciado,2023-10-02,2023,0,man,directors;writers;philosophers,1,20,https://www.youtube.com/watch?v=XqDpc-bnT_U,https://letterboxd.com/closetpicks/list/paul-b-preciados-criterion-closet-picks/
Mark Bridges,2023-10-03,2023,0,man,costume-designers,0,13,https://www.youtube.com/watch?v=picqoIogsxQ,https://letterboxd.com/closetpicks/list/mark-bridges-criterion-closet-picks/
Luis Guzman,2023-10-05,2023,0,man,actors,0,7,,https://letterboxd.com/closetpicks/list/luis-guzmans-criterion-closet-picks/
Bill Pope,2023-10-05,2024,0,man,cinematographers,0,9,https://www.youtube.com/watch?v=l56hwzq1Uog,https://letterboxd.com/closetpicks/list/bill-popes-criterion-closet-picks/
Cord Jefferson,2023-10-06,2023,0,,writers;directors,0,5,,https://letterboxd.com/closetpicks/list/cord-jeffersons-criterion-closet-picks/
Alden Ehrenreich,2023-10-08,2023,0,man,actors;directors,0,19,https://www.youtube.com/watch?v=Q47Wpmx2dDI,https://letterboxd.com/closetpicks/list/alden-ehrenreichs-criterion-closet-picks/
Nuri Bilge Ceylan,2023-10-09,2024,0,man,writers;directors,0,56,https://www.youtube.com/watch?v=6dIOWv_3CeM,https://letterboxd.com/closetpicks/list/nuri-bilge-ceylans-criterion-closet-picks/
Justine Triet,2023-10-09,2024,0,woman,directors,0,17,https://www.youtube.com/watch?v=YaPwpoe746g,https://letterboxd.com/closetpicks/list/justine-triets-criterion-closet-picks/
Rosine Mbakam,2023-10-09,2024,0,woman,directors;writers,0,7,https://www.youtube.com/watch?v=Hnijob9FlJc&amp;list=PL7D89754A5DAD1E8E&amp;index=2,https://letterboxd.com/closetpicks/list/rosine-mbakams-criterion-closet-picks/
Raven Jackson,2023-10-10,2023,0,woman,directors;writers,0,11,https://www.youtube.com/watch?v=pDr2Ptl1ce8,https://letterboxd.com/closetpicks/list/raven-jacksons-criterion-closet-picks/
Catherine Breillat,2023-10-10,2024,0,woman,directors,0,47,https://www.youtube.com/watch?v=FXz316FCzyI,https://letterboxd.com/closetpicks/list/catherine-breillats-criterion-closet-picks/
Kleber Mendonça Filho,2023-10-11,2023,0,man,writers;directors;critic,0,60,https://www.youtube.com/watch?v=vkJN9gRtjtk,https://letterboxd.com/closetpicks/list/kleber-mendonca-filhos-criterion-closet-picks/
Udo Kier,2023-10-12,2023,0,man,actors,0,4,https://www.youtube.com/watch?v=td4qv7EDOIk,https://letterboxd.com/closetpicks/list/udo-kiers-criterion-closet-picks/
Todd Haynes,2023-10-19,2023,0,man,directors;writers,0,24,https://www.youtube.com/watch?v=9-xwsIW_otg,https://letterboxd.com/closetpicks/list/todd-haynes-criterion-closet-picks/
Lina Rodriguez,2023-10-30,2024,0,woman,writers;directors,0,12,https://www.youtube.com/watch?v=0zexLRuhoVY,https://letterboxd.com/closetpicks/list/lina-rodriguezs-criterion-closet-picks/
Matteo Garrone,2023-11-02,2024,0,man,writers;directors,0,11,https://www.youtube.com/watch?v=0EqzFc4YC50,https://letterboxd.com/closetpicks/list/matteo-garrones-criterion-closet-picks/
Christos Nikou,2023-11-03,2023,0,man,directors,0,8,,https://letterboxd.com/closetpicks/list/christos-nikous-criterion-closet-picks/
Paul Briganti,2023-11-06,2023,0,man,directors,0,2,,https://letterboxd.com/closetpicks/list/paul-brigantis-criterion-closet-picks/
Sam Esmail,2023-11-09,2023,0,man,writers;directors,0,6,,https://letterboxd.com/closetpicks/list/sam-esmails-criterion-closet-picks/
Brit Marling and Zal Batmanglij,2023-11-10,2023,1,mixed,writers;directors,0,9,https://www.youtube.com/watch?v=1gRDJYgoYd4,https://letterboxd.com/closetpicks/list/brit-marling-and-zal-batmanglijs-criterion/
Lila Avilés,2023-11-13,2024,0,woman,writers;directors,0,10,https://www.youtube.com/watch?v=0PMTo4SK__s,https://letterboxd.com/closetpicks/list/lila-aviles-criterion-closet-picks/
Hlynur Pálmason,2023-11-15,2023,0,man,directors;writers,0,12,https://www.youtube.com/watch?v=gowVPl5YriI,https://letterboxd.com/closetpicks/list/hlynur-palmasons-criterion-closet-picks/
Zawe Ashton,2023-11-16,2023,0,,actors;writers,0,3,,https://letterboxd.com/closetpicks/list/zawe-ashtons-criterion-closet-picks/
Bob and Erin Odenkirk,2023-12-02,2023,1,mixed,actors;writers;directors;artist,0,13,,https://letterboxd.com/closetpicks/list/bob-and-erin-odenkirks-criterion-closet-picks/
Willem Dafoe,2023-12-07,2024,0,man,actors,0,15,https://www.youtube.com/watch?v=9tG_cBdvo2c,https://letterboxd.com/closetpicks/list/willem-dafoes-criterion-closet-picks/
Wim Wenders' Second,2023-12-07,2023,0,man,directors;playwright;author;photographer;return-visits,0,17,https://www.youtube.com/watch?v=6dXSH9n2aC4,https://letterboxd.com/closetpicks/list/wim-wenders-second-criterion-closet-picks/
Gael García Bernal,2023-12-08,2024,0,man,actors,0,8,https://www.youtube.com/watch?v=oJxXni9bo3g,https://letterboxd.com/closetpicks/list/gael-garcia-bernals-criterion-closet-picks/
Koji Yakusho,2023-12-11,2023,0,man,actors,0,5,,https://letterboxd.com/closetpicks/list/koji-yakushos-criterion-closet-picks/
Pawo Choyning Dorji,2023-12-12,2023,0,man,directors;writers;photographer,0,3,,https://letterboxd.com/closetpicks/list/pawo-choyning-dorjis-criterion-closet-picks/
Ben Gibbard,2023-12-12,2024,0,man,musicians,0,15,https://www.youtube.com/watch?v=ZiRJyUUFJQA,https://letterboxd.com/closetpicks/list/ben-gibbards-criterion-closet-picks/
Dan Levy,2023-12-13,2024,0,man,writers;directors;actors,1,10,https://www.youtube.com/watch?v=-EV0KTf55F0,https://letterboxd.com/closetpicks/list/dan-levys-criterion-closet-picks/
Anthony Chen,2023-12-15,2023,0,man,directors,0,2,,https://letterboxd.com/closetpicks/list/anthony-chens-criterion-closet-picks/
Sam and Reed Harkness & Jason Reid,2023-12-16,2023,1,man,directors;documentarians;producers,0,17,,https://letterboxd.com/closetpicks/list/sam-and-reed-harkness-jason-reids-criterion/
Sean Durkin,2023-12-18,2023,0,man,writers;directors,0,3,,https://letterboxd.com/closetpicks/list/sean-durkins-criterion-closet-picks/
Hari Nef,2023-12-21,2023,0,woman,actors,1,12,https://www.youtube.com/watch?v=DtFFk4V4YJs,https://letterboxd.com/closetpicks/list/hari-nefs-criterion-closet-picks/
Charles Melton,2024-01-03,2023,0,man,actors;missing-links,0,14,https://www.youtube.com/watch?v=Ee5Gfzsji4k,https://letterboxd.com/closetpicks/list/charles-meltons-criterion-closet-picks/
Atom Egoyan,2024-01-22,2024,0,man,writers;directors,0,44,,https://letterboxd.com/closetpicks/list/atom-egoyans-criterion-closet-picks/
Simone and Amedeo Pace,2024-01-23,2024,1,man,musicians,0,5,,https://letterboxd.com/closetpicks/list/simone-and-amedeo-paces-criterion-closet/
Daisy Ridley,2024-01-26,2024,0,woman,actors,0,3,,https://letterboxd.com/closetpicks/list/daisy-ridleys-criterion-closet-picks/
Mark Mothersbaugh & Gerald Casale,2024-01-28,2024,1,man,musicians,0,27,https://www.youtube.com/watch?v=B-aQkQrZP24,https://letterboxd.com/closetpicks/list/mark-mothersbaugh-gerald-casales-criterion/
Zelda Williams,2024-01-31,2024,0,woman,directors,0,8,,https://letterboxd.com/closetpicks/list/zelda-williams-criterion-closet-picks/
Molly Manning Walker,2024-02-02,2024,0,woman,directors,1,3,,https://letterboxd.com/closetpicks/list/molly-manning-walkers-criterion-closet-picks/
Paul Giamatti,2024-02-06,2024,0,man,actors,0,10,https://www.youtube.com/watch?v=ANxxsFUojco,https://letterboxd.com/closetpicks/list/paul-giamattis-criterion-closet-picks/
Moses Bwayo & Christopher Sharp,2024-02-07,2024,1,man,documentarians,0,10,,https://letterboxd.com/closetpicks/list/moses-bwayo-christopher-sharps-criterion/
Carlson Young,2024-02-07,2024,0,woman,actors;directors,0,4,,https://letterboxd.com/closetpicks/list/carlson-youngs-criterion-closet-picks/
Tran Anh Hung,2024-02-08,2024,0,man,directors;writers,0,4,,https://letterboxd.com/closetpicks/list/tran-anh-hungs-criterion-closet-picks/
Joel Edgerton,2024-02-09,2024,0,man,actors;writers;directors,0,13,https://www.youtube.com/watch?v=r86Fqtb4LNk,https://letterboxd.com/closetpicks/list/joel-edgertons-criterion-closet-picks/
Barbara Sukowa,2024-02-14,2024,0,woman,actors,0,8,https://www.youtube.com/watch?v=d0QVNb8HFTg,https://letterboxd.com/closetpicks/list/barbara-sukowas-criterion-closet-picks/
J. A. Bayona,2024-02-15,2024,0,man,directors;writers,0,4,,https://letterboxd.com/closetpicks/list/j-a-bayonas-criterion-closet-picks/
JR,2024-02-27,2024,0,man,directors;documentarians;artist,0,35,https://www.youtube.com/watch?v=h5R5ydQZEPA,https://letterboxd.com/closetpicks/list/jrs-criterion-closet-picks/
Tim Blake Nelson,2024-02-28,2024,0,man,actors,0,6,https://www.youtube.com/watch?v=QPpueqWsjf4,https://letterboxd.com/closetpicks/list/tim-blake-nelsons-criterion-closet-picks/
Chelsea Peretti,2024-03-05,2024,0,woman,actors;directors;comedians,0,27,https://www.youtube.com/watch?v=espgxLcU-Y8,https://letterboxd.com/closetpicks/list/chelsea-perettis-criterion-closet-picks/
Johan Renck,2024-03-06,2024,0,man,directors,0,8,,https://letterboxd.com/closetpicks/list/johan-rencks-criterion-closet-picks/
Molly Ringwald,2024-03-11,2024,0,woman,actors,0,42,https://youtu.be/d_ZBeZ_C0v8,https://letterboxd.com/closetpicks/list/molly-ringwalds-criterion-closet-picks/
Larry Fessenden,2024-03-13,2024,0,man,directors;actors,0,2,,https://letterboxd.com/closetpicks/list/larry-fessendens-criterion-closet-picks/
Cheryl Dunye,2024-03-17,2024,0,non-binary,directors;writers;editors;actors,1,72,https://www.youtube.com/watch?v=24ZeFtAssNE,https://letterboxd.com/closetpicks/list/cheryl-dunyes-criterion-closet-picks/
Weston Razooli,2024-03-20,2024,0,man,directors;writers,0,4,,https://letterboxd.com/closetpicks/list/weston-razoolis-criterion-closet-picks/
Michael Mohan,2024-03-26,2024,0,man,directors,0,4,,https://letterboxd.com/closetpicks/list/michael-mohans-criterion-closet-picks/
St. Vincent,2024-03-28,2024,0,woman,musicians,1,17,https://www.youtube.com/watch?v=JPQG0BKNVqY,https://letterboxd.com/closetpicks/list/st-vincents-criterion-closet-picks/
Kerry Condon,2024-03-28,2024,0,woman,actors,0,12,https://www.youtube.com/watch?v=8kII05HTS6c,https://letterboxd.com/closetpicks/list/kerry-condons-criterion-closet-picks/
Bertrand Bonello,2024-04-02,2024,0,man,directors,0,13,https://www.youtube.com/watch?v=ciZvA3lnvJE,https://letterboxd.com/closetpicks/list/bertrand-bonellos-criterion-closet-picks/
Ethan and Maya Hawke,2024-04-04,2024,1,mixed,actors;directors;return-visits,0,15,https://www.youtube.com/watch?v=YxzCSz-4CIw,https://letterboxd.com/closetpicks/list/ethan-and-maya-hawkes-criterion-closet-picks/
Vera Drew,2024-04-05,2024,0,woman,actors;directors;writers,0,6,,https://letterboxd.com/closetpicks/list/vera-drews-criterion-closet-picks/
David and Nathan Zellner's Criterion Picks,2024-04-08,2024,1,man,directors,0,27,,https://letterboxd.com/closetpicks/list/david-and-nathan-zellners-criterion-picks/
Annie Baker and Lucian Johnston,2024-04-08,2024,1,mixed,directors;writers;editors,0,31,https://www.youtube.com/watch?v=2PbpLSLidBw,https://letterboxd.com/closetpicks/list/annie-baker-and-lucian-johnstons-criterion/
Frederick Elmes,2024-04-09,2024,0,man,cinematographers,0,42,,https://letterboxd.com/closetpicks/list/frederick-elmes-criterion-closet-picks/
Ena Sendijarević,2024-04-10,2024,0,woman,directors,0,5,,https://letterboxd.com/closetpicks/list/ena-sendijarevics-criterion-closet-picks/
Yong-man Kim,2024-04-11,2024,0,man,historian,0,3,,https://letterboxd.com/closetpicks/list/yong-man-kim-criterion-closet-picks/
Jane Schoenbrun,2024-04-15,2024,0,non-binary,writers;directors,1,17,,https://letterboxd.com/closetpicks/list/jane-schoenbruns-criterion-closet-picks/
Jeremy O. Harris,2024-04-15,2024,0,man,documentarians;actors,1,22,https://www.youtube.com/watch?v=j9c7TOz0YK8,https://letterboxd.com/closetpicks/list/jeremy-o-harris-criterion-closet-picks/
John Early and Theda Hammel,2024-04-17,2024,1,mixed,actors;directors;writers,1,14,,https://letterboxd.com/closetpicks/list/john-early-and-theda-hammels-criterion-closet/
Minhal Baig,2024-04-18,2024,0,woman,directors;writers,0,4,,https://letterboxd.com/closetpicks/list/minhal-baigs-criterion-closet-picks/
Deepa Dhanraj,2024-04-22,2024,0,woman,directors;writers;documentarians,0,2,,https://letterboxd.com/closetpicks/list/deepa-dhanrajs-criterion-closet-picks/
Caitlin Cronenberg,2024-04-23,2024,0,woman,directors,0,4,,https://letterboxd.com/closetpicks/list/caitlin-cronenberg-criterion-closet-picks/
Justin Kuritzkes,2024-04-24,2024,0,man,writers,0,3,,https://letterboxd.com/closetpicks/list/justin-kuritzkes-criterion-closet-picks/
Yance Ford,2024-04-28,2024,0,man,directors;writers;producers;documentarians,0,12,,https://letterboxd.com/closetpicks/list/yance-fords-criterion-closet-picks/
Ryusuke Hamaguchi,2024-05-02,2024,0,man,directors;writers,0,26,https://youtu.be/4xQfOvRfWno?si=EIcSMIgdb2QJiYz3,https://letterboxd.com/closetpicks/list/ryusuke-hamaguchis-criterion-closet-picks/
Dylan Baker,2024-05-06,2024,0,man,actors;missing-links,0,8,https://www.youtube.com/watch?v=cZmkXn4wgHA,https://letterboxd.com/closetpicks/list/dylan-bakers-criterion-closet-picks/
Bill and Turner Ross,2024-05-08,2024,1,man,directors,0,40,https://www.youtube.com/watch?v=UJOVbQbpyO0,https://letterboxd.com/closetpicks/list/bill-and-turner-ross-criterion-closet-picks/
Eric Bana,2024-05-09,2024,0,man,actors,0,2,,https://letterboxd.com/closetpicks/list/eric-banas-criterion-closet-picks/
Eric Bana,2024-05-09,2024,0,man,actors;missing-links,0,6,https://youtu.be/Y5-AnhGQek8,https://letterboxd.com/closetpicks/list/eric-banas-criterion-closet-picks-1/
Paul Scheer,2024-05-20,2024,0,man,comedians;actors;letterboxd-members,0,7,https://www.youtube.com/watch?v=uzhNKMIoq3E,https://letterboxd.com/closetpicks/list/paul-scheers-criterion-closet-picks/
Jerry Schatzberg,2024-05-21,2024,0,man,directors;photographer,0,31,https://www.youtube.com/watch?v=DHzWP5Pj2wM,https://letterboxd.com/closetpicks/list/jerry-schatzbergs-criterion-closet-picks/
John Greyson,2024-05-24,2024,0,man,directors,1,9,,https://letterboxd.com/closetpicks/list/john-greysons-criterion-closet-picks/
György Pálfi,2024-05-28,2024,0,man,directors,0,9,,https://letterboxd.com/closetpicks/list/gyorgy-palfis-criterion-closet-picks/
Chris Wilcha,2024-05-29,2024,0,man,directors,0,4,,https://letterboxd.com/closetpicks/list/chris-wilchas-criterion-closet-picks/
Viggo Mortensen,2024-06-02,2024,0,man,actors,0,12,https://www.youtube.com/watch?v=We_wQnlroek,https://letterboxd.com/closetpicks/list/viggo-mortensens-criterion-closet-picks/
Lynne Sachs,2024-06-04,2024,0,woman,directors,0,3,,https://letterboxd.com/closetpicks/list/lynne-sachs-criterion-closet-picks/
Jude Law,2024-06-10,2024,0,man,actors,0,4,,https://letterboxd.com/closetpicks/list/jude-laws-criterion-closet-picks/
Megan Stalter,2024-06-10,2024,0,woman,actors;comedians,0,2,,https://letterboxd.com/closetpicks/list/megan-stalters-criterion-closet-picks/
Carol Kane,2024-06-13,2024,0,woman,actors,0,19,https://www.youtube.com/watch?v=TDU3_n78jkc,https://letterboxd.com/closetpicks/list/carol-kanes-criterion-closet-picks/
Lily Gladstone and Erica Tremblay,2024-06-14,2024,1,woman,directors;actors,0,28,https://youtu.be/pI7Nje89peA,https://letterboxd.com/closetpicks/list/lily-gladstone-and-erica-tremblays-criterion/
Winona Ryder,2024-06-15,2024,0,woman,actors,0,14,https://www.youtube.com/watch?v=7qAT_K_YQOA,https://letterboxd.com/closetpicks/list/winona-ryders-criterion-closet-picks/
Ayo Edebiri,2024-06-16,2024,0,woman,comedians;actors;letterboxd-members,0,9,https://www.youtube.com/watch?v=7LvIlPvrjGk,https://letterboxd.com/closetpicks/list/ayo-edebiris-criterion-closet-picks/
Agnieszka Holland,2024-06-20,2024,0,woman,directors;writers,0,38,https://www.youtube.com/watch?v=pU-zkQTKtpQ,https://letterboxd.com/closetpicks/list/agnieszka-hollands-criterion-closet-picks/
Davy Chou,2024-06-23,2024,0,man,writers;directors;producers,0,5,,https://letterboxd.com/closetpicks/list/davy-chous-criterion-closet-picks/
Veronika Franz and Severin Fiala,2024-06-24,2024,1,mixed,directors,0,8,,https://letterboxd.com/closetpicks/list/veronika-franz-and-severin-fialas-criterion/
Sam Morril,2024-06-25,2024,0,man,comedians,0,7,,https://letterboxd.com/closetpicks/list/sam-morrils-criterion-closet-picks/
Gina Gershon,2024-07-01,2024,0,woman,actors,0,23,https://www.youtube.com/watch?v=Rz6_8c617Ik,https://letterboxd.com/closetpicks/list/gina-gershons-criterion-closet-picks/
Zoë Kravitz and Channing Tatum,2024-07-08,2024,1,mixed,actors;directors,0,17,https://www.youtube.com/watch?v=MJqjhDImNcY,https://letterboxd.com/closetpicks/list/zoe-kravitz-and-channing-tatums-criterion/
Gakuryu Ishii,2024-07-14,2024,0,man,directors,0,2,,https://letterboxd.com/closetpicks/list/gakuryu-ishiis-criterion-closet-picks/
Greg Gonzalez,2024-07-16,2024,0,man,musicians,0,9,https://www.youtube.com/watch?v=1DvQjLLIFEE,https://letterboxd.com/closetpicks/list/greg-gonzalezs-criterion-closet-picks/
Tatsuya Fuji,2024-07-18,2024,0,man,actors,0,2,,https://letterboxd.com/closetpicks/list/tatsuya-fujis-criterion-closet-picks/
Kei Chika-ura,2024-07-18,2024,0,man,directors,0,2,,https://letterboxd.com/closetpicks/list/kei-chika-uras-criterion-closet-picks/
Bill Hader's Second,2024-07-22,2024,0,man,return-visits;actors;writers;tv-writer;directors,0,35,https://www.youtube.com/watch?v=y2TK8IHWIcY,https://letterboxd.com/closetpicks/list/bill-haders-second-criterion-closet-picks/
"Neve Campbell, Chelsea McMullan, and Sean O'Neill",2024-07-29,2024,1,mixed,actors;directors;producers,0,15,,https://letterboxd.com/closetpicks/list/neve-campbell-chelsea-mcmullan-and-sean-oneills/
Nick Lowe,2024-07-30,2024,0,man,musicians,0,6,https://youtu.be/4d1HdrVMr1k,https://letterboxd.com/closetpicks/list/nick-lowes-criterion-closet-picks/
Lee Daniels,2024-08-01,2024,0,man,writers;directors,1,21,https://www.youtube.com/watch?v=dqNtp1bAI8o,https://letterboxd.com/closetpicks/list/lee-daniels-criterion-closet-picks/
Joel Potrykus,2024-08-01,2024,0,man,professors;writers;directors,0,12,https://www.youtube.com/watch?v=asVS_TKy5ow,https://letterboxd.com/closetpicks/list/joel-potrykus-criterion-closet-picks/
India Donaldson and Lily Collias,2024-08-08,2024,1,woman,actors;directors;a-lovely-visit-from-india-donaldson-and-lily-collias-,0,26,,https://letterboxd.com/closetpicks/list/india-donaldson-and-lily-collias-criterion/
JT Mollner and Giovanni Ribisi,2024-08-14,2024,1,man,writers;directors;actors;cinematographers,0,46,,https://letterboxd.com/closetpicks/list/jt-mollner-and-giovanni-ribisis-criterion/
Zach Clark,2024-08-22,2024,0,man,editors;writers;directors,0,3,,https://letterboxd.com/closetpicks/list/zach-clarks-criterion-closet-picks/
Mackenzie Davis,2024-09-12,2024,0,woman,actors,0,12,,https://letterboxd.com/closetpicks/list/mackenzie-davis-criterion-closet-picks/
Jarvis Cocker,2024-09-12,2024,0,man,musicians,0,8,https://www.youtube.com/watch?v=B-F7GT82izA,https://letterboxd.com/closetpicks/list/jarvis-cockers-criterion-closet-picks/
Deragh Campbell and Matt Johnson,2024-09-13,2024,1,mixed,actors;return-visits,0,17,,https://letterboxd.com/closetpicks/list/deragh-campbell-and-matt-johnsons-criterion/
Jude Law,2024-09-15,2024,0,man,actors,0,8,https://www.youtube.com/watch?v=rVdefw0skK0,https://letterboxd.com/closetpicks/list/jude-laws-criterion-closet-picks-1/
Lana Wilson,2024-09-16,2024,0,woman,directors,0,5,,https://letterboxd.com/closetpicks/list/lana-wilsons-criterion-closet-picks/
Jennifer Kent,2024-09-17,2024,0,woman,directors,0,10,https://www.youtube.com/watch?v=4puN5ASOPG,https://letterboxd.com/closetpicks/list/jennifer-kents-criterion-closet-picks/
Robert Kolodny,2024-09-17,2024,0,man,directors,0,4,,https://letterboxd.com/closetpicks/list/robert-kolodnys-criterion-closet-picks/
James Duval,2024-09-18,2024,0,man,actors,0,3,,https://letterboxd.com/closetpicks/list/james-duvals-criterion-closet-picks/
Coralie Fargeat,2024-09-19,2024,0,woman,directors;writers;producers,0,5,,https://letterboxd.com/closetpicks/list/coralie-fargeats-criterion-closet-picks/
Nathalie Emmanuel,2024-09-24,2024,0,woman,actors,0,10,https://www.youtube.com/watch?v=TsPxucCV4dU,https://letterboxd.com/closetpicks/list/nathalie-emmanuels-criterion-closet-picks/
Kevin Smith,2024-09-25,2024,0,,directors;writers;author;missing-links,0,7,https://www.youtube.com/watch?v=5eCxfZKIG90&amp;list=WL&amp;index=5&amp;pp=gAQBiAQB,https://letterboxd.com/closetpicks/list/kevin-smiths-criterion-closet-picks/
Barry Sonnenfeld,2024-09-30,2024,0,,directors;cinematographers;author;missing-links,0,5,https://www.youtube.com/watch?v=Td2060BoCAk,https://letterboxd.com/closetpicks/list/barry-sonnenfelds-criterion-closet-picks/
Janelle Monáe,2024-09-30,2024,0,woman,actors;musicians;producers,0,5,https://youtu.be/iBpffnfc3AI,https://letterboxd.com/closetpicks/list/janelle-monaes-criterion-closet-picks/
RaMell Ross,2024-10-01,2024,0,,directors;writers,0,24,https://www.youtube.com/watch?v=AVfkV5F4XL0,https://letterboxd.com/closetpicks/list/ramell-ross-criterion-closet-picks/
Andrew Garfield,2024-10-01,2024,0,man,actors,0,10,https://youtu.be/3tH0irhiQVg,https://letterboxd.com/closetpicks/list/andrew-garfields-criterion-closet-picks/
Isabelle Huppert's Second,2024-10-02,2024,0,woman,actors;return-visits,0,15,https://www.youtube.com/watch?v=GwSwBAo2FYo,https://letterboxd.com/closetpicks/list/isabelle-hupperts-second-criterion-closet/
Mike Leigh and Marianne Jean-Baptiste,2024-10-06,2024,1,mixed,directors;actors;return-visits;missing-links,0,28,https://www.youtube.com/watch?v=d1RJNZak2Dw,https://letterboxd.com/closetpicks/list/mike-leigh-and-marianne-jean-baptistes-criterion/
Anna Kendrick,2024-10-06,2024,0,woman,actors,0,48,https://www.youtube.com/watch?v=CuZo__82POU,https://letterboxd.com/closetpicks/list/anna-kendricks-criterion-closet-picks/
Payal Kapadia,2024-10-07,2024,0,woman,directors;writers,0,47,https://www.youtube.com/watch?v=CzKnRQkPXdg,https://letterboxd.com/closetpicks/list/payal-kapadias-criterion-closet-picks/
Zeinabu irene Davis,2024-10-07,2024,0,woman,directors;professors,0,20,https://www.youtube.com/watch?v=23Mi6YwElYw,https://letterboxd.com/closetpicks/list/zeinabu-irene-daviss-criterion-closet-picks/
André Holland,2024-10-08,2024,0,man,actors;missing-links,0,10,https://www.youtube.com/watch?v=YsOm4L6yzMg,https://letterboxd.com/closetpicks/list/andre-hollands-criterion-closet-picks/
James Watkins,2024-10-08,2024,0,man,directors;writers,0,4,,https://letterboxd.com/closetpicks/list/james-watkins-criterion-closet-picks/
Jia Zhangke,2024-10-08,2024,0,man,directors,0,6,https://www.youtube.com/watch?v=m6bQdKaRlsw,https://letterboxd.com/closetpicks/list/jia-zhangkes-criterion-closet-picks/
Amelia Dimoldenberg,2024-10-08,2024,0,woman,youtubers;comedians,0,12,https://youtu.be/fIvSlhjmbxc,https://letterboxd.com/closetpicks/list/amelia-dimoldenbergs-criterion-closet-picks/
Gints Zilbalodis,2024-10-16,2024,0,man,directors,0,10,https://youtu.be/DkgBhjAwvj4,https://letterboxd.com/closetpicks/list/gints-zilbalodis-criterion-closet-picks/
Jacques Audiard,2024-10-16,2024,0,man,writers;directors,0,24,https://www.youtube.com/watch?v=kgkI4ZRJkvU,https://letterboxd.com/closetpicks/list/jacques-audiards-criterion-closet-picks/
Edward Berger,2024-10-17,2024,0,man,directors,0,15,https://www.youtube.com/watch?v=-zlyJmf-2MM,https://letterboxd.com/closetpicks/list/edward-bergers-criterion-closet-picks/
Jeremy Pope,2024-10-21,2024,0,man,actors;musicians,1,13,https://www.youtube.com/watch?v=oRDkAdjp_e8,https://letterboxd.com/closetpicks/list/jeremy-popes-criterion-closet-picks/
Maura Delpero,2024-10-23,2024,0,woman,writers;directors;missing-links,0,9,https://youtu.be/cPPlAVrvhGY,https://letterboxd.com/closetpicks/list/maura-delperos-criterion-closet-picks/
Ken Burns,2024-11-04,2024,0,man,documentarians,0,20,https://www.youtube.com/watch?v=NCTUZ7bX0SE,https://letterboxd.com/closetpicks/list/ken-burns-criterion-closet-picks/
Azazel Jacobs,2024-11-06,2024,0,man,writers;directors,0,10,https://www.youtube.com/watch?v=vBi5fCd6Usk,https://letterboxd.com/closetpicks/list/azazel-jacobs-criterion-closet-picks/
Pablo Larraín,2024-11-11,2024,0,man,directors,0,18,https://youtu.be/AdnnuEqbio8,https://letterboxd.com/closetpicks/list/pablo-larrains-criterion-closet-picks/
Pamela Anderson,2024-11-12,2024,0,woman,actors;models,0,59,https://www.youtube.com/watch?v=tyo_tJuhw8U,https://letterboxd.com/closetpicks/list/pamela-andersons-criterion-closet-picks/
Maura Tierney,2024-11-19,2024,0,woman,actors,0,7,https://www.youtube.com/watch?v=M3mCdWe4X-0,https://letterboxd.com/closetpicks/list/maura-tierneys-criterion-closet-picks/
Karyn Kusama,2024-11-20,2024,0,,writers;directors,0,16,https://www.youtube.com/watch?v=QLOziRIYQZo,https://letterboxd.com/closetpicks/list/karyn-kusamas-criterion-closet-picks/
John Lithgow,2024-11-21,2024,0,man,actors,0,11,https://www.youtube.com/watch?v=on1zBg40eJ4,https://letterboxd.com/closetpicks/list/john-lithgows-criterion-closet-picks/
Johnnie To,2024-11-25,2024,0,man,directors,0,21,https://youtu.be/kGZvmngLfBI,https://letterboxd.com/closetpicks/list/johnnie-tos-criterion-closet-picks/
Andrew Stanton,2024-11-26,2024,0,man,directors;writers;missing-links,0,6,https://youtu.be/lit_b1g7M6s,https://letterboxd.com/closetpicks/list/andrew-stantons-criterion-closet-picks/
Denis Villeneuve,2024-12-02,2024,0,man,directors;writers,0,14,https://www.youtube.com/watch?v=UrgucAPeqIs,https://letterboxd.com/closetpicks/list/denis-villeneuves-criterion-closet-picks/
Juliette Binoche & Ralph Fiennes,2024-12-04,2024,1,mixed,actors,0,65,https://youtu.be/K15A83bYrKo,https://letterboxd.com/closetpicks/list/juliette-binoche-ralph-fienness-criterion/
Norman Reedus,2024-12-12,2024,0,man,actors;author;missing-links,0,41,https://youtu.be/6GAcaHKcqZY,https://letterboxd.com/closetpicks/list/norman-reedus-criterion-closet-picks/
Chiara Mastroianni,2024-12-13,2024,0,woman,actors,0,10,https://www.youtube.com/watch?v=oRwDxyMc6G8,https://letterboxd.com/closetpicks/list/chiara-mastroiannis-criterion-closet/
Nicholas Hoult,2024-12-17,2024,0,man,actors,0,15,https://www.youtube.com/watch?v=lr5UDJT7zbk,https://letterboxd.com/closetpicks/list/nicholas-hoults-criterion-closet-picks/
Harris Dickinson,2024-12-17,2024,0,man,actors,0,15,https://www.youtube.com/watch?v=mUrp1Czlkzk,https://letterboxd.com/closetpicks/list/harris-dickinsons-criterion-closet-picks/
Robert Eggers,2024-12-17,2024,0,man,directors;writers,0,18,https://www.youtube.com/watch?v=uLH8TfnsY9Y,https://letterboxd.com/closetpicks/list/robert-eggers-criterion-closet-picks/
Mikey Madison,2024-12-19,2024,0,woman,actors,0,9,https://youtu.be/9AUc5BfebCM,https://letterboxd.com/closetpicks/list/mikey-madisons-criterion-closet-picks/
Francis Ford Coppola,2024-12-19,2024,0,,directors,0,14,https://youtu.be/ZgWDtPVNQ7Y,https://letterboxd.com/closetpicks/list/francis-ford-coppolas-criterion-closet-picks/
Walter Salles,2025-01-06,2025,0,man,directors,0,7,https://youtu.be/KmsLWBUOVk8,https://letterboxd.com/closetpicks/list/walter-salles-criterion-closet-picks/
Brady Corbet,2025-01-08,2024,0,man,directors;writers,0,28,https://youtu.be/KYw5P3tmba0,https://letterboxd.com/closetpicks/list/brady-corbets-criterion-closet-picks/
John David Washington & Malcolm Washington,2025-01-09,2025,1,man,actors;directors,0,62,https://youtu.be/-Tc0JZz6hFM,https://letterboxd.com/closetpicks/list/john-david-washington-malcolm-washingtons/
Julia Fox,2025-01-21,2024,0,woman,actors,0,14,https://www.youtube.com/watch?v=ZbuxEu2EoFI&amp;list=WL&amp;index=3&amp;pp=gAQBiAQB,https://letterboxd.com/closetpicks/list/julia-foxs-criterion-closet-picks/
Barry Jenkins' Second,2025-02-09,2025,0,man,directors;return-visits,0,5,,https://letterboxd.com/closetpicks/list/barry-jenkins-second-criterion-closet-picks/
Michelle Zauner,2025-02-12,2025,0,woman,author;musicians,0,23,https://www.youtube.com/watch?v=gmeWU8oqy-A,https://letterboxd.com/closetpicks/list/michelle-zauners-criterion-closet-picks/
Carrie Coon,2025-02-19,2024,0,woman,actors,0,20,https://www.youtube.com/watch?v=CgaVmNJscms,https://letterboxd.com/closetpicks/list/carrie-coons-criterion-closet-picks/
Dick Cavett,2025-02-26,2025,0,man,tv-host;comedians,0,10,https://youtu.be/9FqyB5edf38,https://letterboxd.com/closetpicks/list/dick-cavetts-criterion-closet-picks/
Julia Garner,2025-02-28,2024,0,woman,actors,0,15,https://www.youtube.com/watch?v=hsB1e2aV4Vo,https://letterboxd.com/closetpicks/list/julia-garners-criterion-closet-picks/
Bowen Yang,2025-03-12,2025,0,man,actors,1,46,https://youtu.be/CWsXjptCScU,https://letterboxd.com/closetpicks/list/bowen-yangs-criterion-closet-picks/
Hans Zimmer,2025-03-14,2024,0,man,composers;musicians,0,25,https://www.youtube.com/watch?v=2o4oC0diM8E,https://letterboxd.com/closetpicks/list/hans-zimmers-criterion-closet-picks/
Kevin Bacon,2025-03-14,2025,0,man,actors,0,7,https://www.youtube.com/watch?v=uMNrdRkZwxw,https://letterboxd.com/closetpicks/list/kevin-bacons-criterion-closet-picks/
Alain Guiraudie,2025-03-14,2024,0,man,writers;directors,0,8,https://www.youtube.com/watch?v=OVhzNXX1GIk,https://letterboxd.com/closetpicks/list/alain-guiraudies-criterion-closet-picks/
Letterboxd Visits The Criterion Mobile Closet at SXSW,2025-03-17,2024,1,woman,mobile-closet;letterboxd-members,0,22,https://www.youtube.com/watch?v=jt4zzIZKO_s,https://letterboxd.com/closetpicks/list/letterboxd-visits-the-criterion-mobile-closet/
Questlove,2025-03-19,2025,0,man,musicians;producers;author;actors;directors,0,8,https://www.youtube.com/watch?v=xFuN-Qi-FW4,https://letterboxd.com/closetpicks/list/questloves-criterion-closet-picks/
Mark Rylance,2025-03-21,2025,0,man,actors,0,14,https://www.youtube.com/watch?v=ZwcnZjmh0a8,https://letterboxd.com/closetpicks/list/mark-rylances-criterion-closet-picks/
Rosamund Pike,2025-03-26,2025,0,woman,actors,0,34,https://www.youtube.com/watch?v=fiuHyOtavek,https://letterboxd.com/closetpicks/list/rosamund-pikes-criterion-closet-picks/
Steve Coogan,2025-03-27,2025,0,man,actors;writers;producers;comedians,0,7,https://youtu.be/9vp9ruYEYHA,https://letterboxd.com/closetpicks/list/steve-coogans-criterion-closet-picks/
Rob Delaney,2025-03-30,2025,0,man,writers;actors;comedians,0,8,https://www.youtube.com/watch?v=lbF3XIDKM8Y,https://letterboxd.com/closetpicks/list/rob-delaneys-criterion-closet-picks/
Aimee Lou Wood,2025-04-01,2025,0,woman,actors,0,11,https://www.youtube.com/watch?v=LDGACubU99g,https://letterboxd.com/closetpicks/list/aimee-lou-woods-criterion-closet-picks/
Claude Lelouch,2025-04-02,2025,0,,writers;directors;cinematographers;producers,0,13,https://www.youtube.com/watch?v=mITzH5WIe84,https://letterboxd.com/closetpicks/list/claude-lelouchs-criterion-closet-picks/
Barbie Ferreira,2025-04-03,2025,0,woman,actors,0,18,https://youtu.be/RpttR1gI91Q,https://letterboxd.com/closetpicks/list/barbie-ferreiras-criterion-closet-picks/
Amy Irving,2025-04-03,2025,0,woman,actors,0,13,https://www.youtube.com/watch?v=SNT0QRnkN3I,https://letterboxd.com/closetpicks/list/amy-irvings-criterion-closet-picks/
Katya Zamolodchikova,2025-04-06,2025,0,man,author;comedians;drag-performer,1,10,https://www.youtube.com/watch?v=SCKxAojIGeg,https://letterboxd.com/closetpicks/list/katya-zamolodchikovas-closet-picks/
Tunde Adebimpe,2025-04-07,2025,0,man,musicians;actors,0,84,https://youtu.be/2sGGq2NxN10,https://letterboxd.com/closetpicks/list/tunde-adebimpes-criterion-closet-picks/
Paul W. Downs,2025-04-10,2025,0,man,writers;tv-writer;directors;actors,0,5,https://youtu.be/Q7hCDVR1o-U,https://letterboxd.com/closetpicks/list/paul-w-downs-criterion-closet-picks/
Rosanna Arquette,2025-04-13,2025,0,woman,actors,0,30,https://www.youtube.com/watch?v=pKgdw6EjmeE,https://letterboxd.com/closetpicks/list/rosanna-arquettes-criterion-closet-picks/
Diane Kruger,2025-04-15,2025,0,woman,actors,0,10,https://www.youtube.com/watch?v=Y8ZAGd2IBaU,https://letterboxd.com/closetpicks/list/diane-krugers-criterion-closet-picks/
David Cronenberg,2025-04-16,2025,0,man,directors,0,45,https://youtu.be/UUM9Wrn2F3c,https://letterboxd.com/closetpicks/list/david-cronenbergs-criterion-closet-picks/
Seth Rogen and Evan Goldberg,2025-04-17,2025,1,man,actors;writers;directors,0,31,https://youtu.be/BjY2SluwCME,https://letterboxd.com/closetpicks/list/seth-rogen-and-evan-goldbergs-criterion-closet/
Charles Burnett,2025-04-17,2025,0,man,writers;directors,0,55,https://www.youtube.com/watch?v=FvEjl2VUT8c,https://letterboxd.com/closetpicks/list/charles-burnetts-criterion-closet-picks/
Franklin Leonard,2025-04-20,2025,0,man,directors,0,16,https://www.youtube.com/watch?v=5YfyrBaAWpE,https://letterboxd.com/closetpicks/list/franklin-leonards-criterion-closet-picks/
Diego Luna,2025-04-21,2025,0,man,actors;directors;producers,0,11,https://www.youtube.com/watch?v=D4yc-PgEpqo,https://letterboxd.com/closetpicks/list/diego-lunas-criterion-closet-picks/
Ben Affleck,2025-04-21,2025,0,man,actors;writers;producers;directors,0,13,https://www.youtube.com/watch?v=3TJ2BlReus0,https://letterboxd.com/closetpicks/list/ben-afflecks-criterion-closet-picks/
Ryan Coogler,2025-04-30,2025,0,man,directors;writers,0,9,https://www.youtube.com/watch?v=V_wzBKheKEE,https://letterboxd.com/closetpicks/list/ryan-cooglers-criterion-closet-picks/
Natasha Lyonne,2025-05-07,2025,0,woman,actors;producers;writers;directors,0,34,https://www.youtube.com/watch?v=sNUAkiIoTFk,https://letterboxd.com/closetpicks/list/natasha-lyonnes-criterion-closet-picks/
Lena Dunham,2025-05-07,2025,0,woman,writers;directors;actors,0,10,https://youtu.be/PqpRsEF6Gn8,https://letterboxd.com/closetpicks/list/lena-dunhams-criterion-closet-picks/
Seth Myers,2025-05-08,2025,0,,tv-host;tv-writer;comedians,0,10,https://www.youtube.com/watch?v=-pfZlhfY4JM,https://letterboxd.com/closetpicks/list/seth-myers-criterion-closet-picks/
Michael Cera's Second,2025-05-12,2025,0,man,return-visits;actors,0,17,https://www.youtube.com/watch?v=fmXifiwHR-k,https://letterboxd.com/closetpicks/list/michael-ceras-second-criterion-closet-picks/
Simon Pegg,2025-05-19,2025,0,man,actors;writers;comedians,0,4,https://youtu.be/vIYr2eAlazo,https://letterboxd.com/closetpicks/list/simon-peggs-criterion-closet-picks/
RZA,2025-05-26,2025,0,man,musicians;actors;directors;composers,0,25,https://www.youtube.com/watch?v=4BOvz4Z6eM8,https://letterboxd.com/closetpicks/list/rzas-criterion-closet-picks/
Danny Boyle,2025-06-01,2025,0,man,directors;writers,0,9,https://youtu.be/Ud1T9R6vy2s,https://letterboxd.com/closetpicks/list/danny-boyles-criterion-closet-picks/
M3gan,2025-06-09,2025,0,,parody,0,4,,https://letterboxd.com/closetpicks/list/m3gans-criterion-closet-picks/
Matt Dillon,2025-06-10,2025,0,man,actors,0,15,https://www.youtube.com/watch?v=dztz_rQrOGM,https://letterboxd.com/closetpicks/list/matt-dillons-criterion-closet-picks/
David Byrne,2025-06-15,2025,0,man,musicians;directors;visual-artists,0,11,https://www.youtube.com/watch?v=Hp2jZ7epT6s,https://letterboxd.com/closetpicks/list/david-byrnes-criterion-closet-picks/
Joseph Kosinski,2025-06-17,2025,0,man,directors,0,6,https://youtu.be/T-6bjKyJYDc,https://letterboxd.com/closetpicks/list/joseph-kosinskis-criterion-closet-picks/
Matthew Broderick,2025-06-20,2025,0,man,actors,0,10,https://youtu.be/NEkSirbDU2E,https://letterboxd.com/closetpicks/list/matthew-brodericks-criterion-closet-picks/
Wyclef Jean,2025-07-13,2025,0,man,musicians;composers,0,6,https://www.youtube.com/watch?v=TDnpV7uUR1U,https://letterboxd.com/closetpicks/list/wyclef-jeans-criterion-closet-picks/
Ari Aster's Second,2025-07-17,2025,0,man,return-visits;writers;directors,0,19,https://www.youtube.com/watch?v=vj6QawF-Q9w,https://letterboxd.com/closetpicks/list/ari-asters-second-criterion-closet-picks/
Tom Rothman,2025-07-17,2025,0,man,ceos;executives,0,8,https://youtu.be/9za40HYRkcE,https://letterboxd.com/closetpicks/list/tom-rothmans-criterion-closet-picks/
Margaret Qualley,2025-07-20,2025,0,woman,actors,0,6,https://youtu.be/Ddh6FBvHFi0,https://letterboxd.com/closetpicks/list/margaret-qualleys-criterion-closet-picks/
Peter Wolf,2025-07-20,2025,0,man,musicians,0,6,https://www.youtube.com/watch?v=rib1VHrBTdk,https://letterboxd.com/closetpicks/list/peter-wolfs-criterion-closet-picks/
Ethel Cain,2025-07-21,2025,0,woman,musicians,0,6,https://www.youtube.com/watch?v=ld19PMXUyqg,https://letterboxd.com/closetpicks/list/ethel-cains-criterion-closet-picks/
Jamie Lee Curtis,2025-07-27,2025,0,woman,actors,0,13,https://youtu.be/oZlpLwWeKvA,https://letterboxd.com/closetpicks/list/jamie-lee-curtis-criterion-closet-picks/
Ronan Farrow,2025-07-30,2025,0,man,journalists;author,0,8,https://youtu.be/9rWNIjNh3sE,https://letterboxd.com/closetpicks/list/ronan-farrows-criterion-closet-picks/
Betsey Johnson,2025-07-30,2025,0,woman,fashion-designers,0,5,https://www.youtube.com/watch?v=BlsETid3hSw,https://letterboxd.com/closetpicks/list/betsey-johnsons-criterion-closet-picks/
Kristin Scott Thomas,2025-08-03,2025,0,woman,actors,0,18,https://www.youtube.com/watch?v=KWVa02RsBbg,https://letterboxd.com/closetpicks/list/kristin-scott-thomas-criterion-closet-picks/
Alicia Silverstone,2025-08-06,2025,0,woman,actors,0,8,https://youtu.be/Rb096RLBiZI,https://letterboxd.com/closetpicks/list/alicia-silverstones-criterion-closet-picks/
Judd Apatow,2025-08-13,2025,0,man,writers;directors;comedians,0,16,https://www.youtube.com/watch?v=pnzdSo4vkck,https://letterboxd.com/closetpicks/list/judd-apatows-criterion-closet-picks/
Ira Sachs' Second,2025-08-24,2026,0,man,writers;directors;return-visits,0,7,https://www.youtube.com/watch?v=ENCPEKroK44,https://letterboxd.com/closetpicks/list/ira-sachs-second-criterion-closet-picks/
Jay Duplass,2025-09-01,2025,0,man,directors;writers,0,5,https://www.youtube.com/watch?v=nKyCofQNj-U,https://letterboxd.com/closetpicks/list/jay-duplass-criterion-closet-picks/
Reginald Hudlin,2025-09-03,2025,0,man,writers;directors;producers,0,28,https://youtu.be/HvTo60eXjcs,https://letterboxd.com/closetpicks/list/reginald-hudlins-criterion-closet-picks/
Guillermo del Toro's Second,2025-09-06,2025,0,man,return-visits;directors;writers;mobile-closet,0,19,https://youtu.be/e82armU7LeI,https://letterboxd.com/closetpicks/list/guillermo-del-toros-second-criterion-closet/
Cillian Murphy,2025-09-08,2025,0,man,actors,0,19,https://www.youtube.com/watch?v=v4Ze7Yo9jgY,https://letterboxd.com/closetpicks/list/cillian-murphys-criterion-closet-picks/
Mark Duplass,2025-09-09,2025,0,man,directors;writers;actors,0,21,https://www.youtube.com/watch?v=6BP4x9kxi7s,https://letterboxd.com/closetpicks/list/mark-duplass-criterion-closet-picks/
Billy Crudup,2025-09-10,2025,0,man,actors,0,14,https://youtu.be/FMxLQPHnuZA,https://letterboxd.com/closetpicks/list/billy-crudups-criterion-closet-picks/
Marion Cotillard,2025-09-11,2025,0,woman,actors,0,25,https://www.youtube.com/watch?v=sPP5CuNVNU8,https://letterboxd.com/closetpicks/list/marion-cotillards-criterion-closet-picks/
Nick Offerman,2025-09-14,2025,0,man,actors;author,0,5,https://youtu.be/Ti-nujcoKnk,https://letterboxd.com/closetpicks/list/nick-offermans-criterion-closet-picks/
Paul Smith,2025-09-16,2025,0,man,fashion-designers,0,5,https://youtu.be/XhnpQyaye5M,https://letterboxd.com/closetpicks/list/paul-smiths-criterion-closet-picks/
Josh Brolin,2025-09-17,2025,0,man,actors,0,7,https://www.youtube.com/watch?v=7FdeJX23RHw,https://letterboxd.com/closetpicks/list/josh-brolins-criterion-closet-picks/
Ben Whishaw,2025-09-26,2025,0,man,actors,1,6,https://youtu.be/8kKR9UakxQQ,https://letterboxd.com/closetpicks/list/ben-whishaws-criterion-closet-picks/
Wagner Moura,2025-09-27,2025,0,man,actors;directors,0,17,https://youtu.be/hvOnBK-L-zg,https://letterboxd.com/closetpicks/list/wagner-mouras-criterion-closet-picks/
Stellan Skarsgård,2025-09-28,2025,0,man,actors,0,11,https://youtu.be/vpw582iA-n4,https://letterboxd.com/closetpicks/list/stellan-skarsgards-criterion-closet-picks/
Elle Fanning,2025-09-30,2025,0,woman,actors,0,10,https://youtu.be/4G7KuHCJMFg,https://letterboxd.com/closetpicks/list/elle-fannings-criterion-closet-picks/
ANOHNI,2025-09-30,2025,0,woman,musicians;missing-links,1,34,https://www.youtube.com/watch?v=ty13anJtnV4,https://letterboxd.com/closetpicks/list/anohnis-criterion-closet-picks/
Mary Bronstein,2025-09-30,2025,0,woman,writers;directors,0,22,https://youtu.be/o4Zt1CAprPo,https://letterboxd.com/closetpicks/list/mary-bronsteins-criterion-closet-picks/
Rose Byrne,2025-09-30,2025,0,woman,actors,0,6,https://youtu.be/GlCaEnEAhoM,https://letterboxd.com/closetpicks/list/rose-byrnes-criterion-closet-picks/
Claire Danes,2025-10-02,2025,0,woman,actors,0,8,https://youtu.be/nudBFPgWGGA,https://letterboxd.com/closetpicks/list/claire-danes-criterion-closet-picks/
Sergei Loznitsa,2025-10-02,2025,0,man,writers;directors,0,13,https://www.youtube.com/watch?v=_miFRuKBw8o&amp;list=WL&amp;index=8&amp;pp=iAQB0gcJCSgLAYcqIYzvsAgC,https://letterboxd.com/closetpicks/list/sergei-loznitsas-criterion-closet-picks/
Derek Cianfrance,2025-10-06,2025,0,man,writers;directors,0,77,https://youtu.be/rzK__Z6jIwY,https://letterboxd.com/closetpicks/list/derek-cianfrances-criterion-closet-picks/
Kahlil Joseph,2025-10-07,2025,0,man,directors;artist,0,5,https://youtu.be/PPw7sJJkQFY,https://letterboxd.com/closetpicks/list/kahlil-josephs-closet-picks/
Luca Guadagnino,2025-10-07,2025,0,man,directors;writers,0,14,https://www.youtube.com/watch?v=fodK93XWLwg,https://letterboxd.com/closetpicks/list/luca-guadagninos-criterion-closet-picks/
Bi Gan,2025-10-07,2025,0,man,writers;directors,0,10,https://youtu.be/92CSq0Ct_dQ,https://letterboxd.com/closetpicks/list/bi-gans-criterion-closet-picks/
Edgar Wright's Second,2025-10-09,2025,0,man,return-visits;directors;writers,0,15,https://youtu.be/f-bklvjQftk,https://letterboxd.com/closetpicks/list/edgar-wrights-second-criterion-closet-picks/
Charli xcx,2025-10-13,2025,0,woman,musicians;letterboxd-members;actors;producers,0,4,https://youtu.be/-93R-4Dqzd0,https://letterboxd.com/closetpicks/list/charli-xcxs-criterion-closet-picks/
Lav Diaz,2025-10-14,2025,0,man,writers;directors,0,69,https://youtu.be/wuWY9CPr2hI,https://letterboxd.com/closetpicks/list/lav-diazs-criterion-closet-picks/
Jafar Panahi,2025-10-14,2025,0,man,writers;directors,0,1,https://youtu.be/SqH9WnGf-ns,https://letterboxd.com/closetpicks/list/jafar-panahis-criterion-closet-picks/
Tracy Letts,2025-10-18,2025,0,man,playwright;actors,0,16,https://www.youtube.com/watch?v=EQ7jDVdL5Ko,https://letterboxd.com/closetpicks/list/tracy-letts-criterion-closet-picks/
Benny Safdie's Second,2025-10-19,2025,0,man,return-visits;writers;directors;actors,0,15,https://www.youtube.com/watch?v=q3aEv64x4Fo,https://letterboxd.com/closetpicks/list/benny-safdies-second-criterion-closet-picks/
Yorgos Lanthimos' Second,2025-10-20,2025,0,man,return-visits;writers;directors,0,8,https://youtu.be/wFditJEjgjI,https://letterboxd.com/closetpicks/list/yorgos-lanthimos-second-criterion-closet/
Nia DaCosta,2025-10-22,2025,0,woman,writers;directors,0,30,https://www.youtube.com/watch?v=ZAYw4GYFh10,https://letterboxd.com/closetpicks/list/nia-dacostas-criterion-closet-picks/
Jason Bateman,2025-10-23,2025,0,man,actors;directors,0,11,https://www.youtube.com/watch?v=us0xeBVKMJI,https://letterboxd.com/closetpicks/list/jason-batemans-criterion-closet-picks/
Lucy Liu,2025-10-27,2025,0,woman,actors;producers,0,15,https://youtu.be/NnldiqFIStY,https://letterboxd.com/closetpicks/list/lucy-lius-criterion-closet-picks/
June Squibb,2025-10-27,2025,0,woman,actors,0,25,https://www.youtube.com/watch?v=K0nb9ECXdGE,https://letterboxd.com/closetpicks/list/june-squibbs-criterion-closet-picks/
Kathryn Bigelow,2025-10-27,2025,0,woman,directors;writers,0,8,https://www.youtube.com/watch?v=oXDO1X8yQyA,https://letterboxd.com/closetpicks/list/kathryn-bigelows-criterion-closet-picks/
Florence Welch,2025-10-29,2025,0,woman,musicians,0,8,https://youtu.be/p4g1Tz4F8Vo,https://letterboxd.com/closetpicks/list/florence-welchs-criterion-closet-picks/
Cameron Crowe,2025-10-30,2025,0,man,directors;writers,0,17,https://youtu.be/JOYFdj70CpI,https://letterboxd.com/closetpicks/list/cameron-crowes-criterion-closet-picks/
Rian Johnson,2025-11-04,2025,0,man,directors;writers,0,4,https://youtu.be/U2plMSuOgrI,https://letterboxd.com/closetpicks/list/rian-johnsons-criterion-closet-picks/
Rachel Sennott,2025-11-04,2025,0,woman,actors;writers,0,5,https://www.youtube.com/watch?v=8i3ZVJRQYYY,https://letterboxd.com/closetpicks/list/rachel-sennotts-criterion-closet-picks/
Vince Staples,2025-11-05,2025,0,man,musicians;actors;producers,0,13,https://youtu.be/MQZuHbd-rTw,https://letterboxd.com/closetpicks/list/vince-staples-criterion-closet-picks/
David Remnick,2025-11-11,2025,0,man,magazine-editors;journalists,0,77,https://youtu.be/xmtYGTtOQww,https://letterboxd.com/closetpicks/list/david-remnicks-criterion-closet-picks/
Mary Steenburgen and Ted Danson,2025-11-17,2025,1,mixed,actors,0,8,https://youtu.be/SpX9zqU9YI8,https://letterboxd.com/closetpicks/list/mary-steenburgen-and-ted-dansons-criterion/
Alex Winter,2025-11-17,2025,0,man,directors;actors,0,9,https://youtu.be/284iOLWmQCw,https://letterboxd.com/closetpicks/list/alex-winters-criterion-closet-picks/
Shinichiro Watanabe,2025-11-24,2025,0,man,writers;directors,0,14,https://youtu.be/kwoCtvdYYSo,https://letterboxd.com/closetpicks/list/shinichiro-watanabes-criterion-closet-picks/
Nicholas Britell,2025-11-26,2025,0,man,composers,0,7,https://youtu.be/Jh1o_OE3-Ic,https://letterboxd.com/closetpicks/list/nicholas-britells-criterion-closet-picks/
Kim Morgan,2025-12-02,2025,0,woman,writers;critic,0,11,https://youtu.be/_VIKYAIu23o,https://letterboxd.com/closetpicks/list/kim-morgans-criterion-closet-picks/
Will Arnett,2025-12-10,2025,0,man,actors,0,24,https://youtu.be/KE2G9pU6PbM,https://letterboxd.com/closetpicks/list/will-arnetts-criterion-closet-picks/
Jodie Foster,2026-01-06,2026,0,woman,actors;directors,0,33,https://www.youtube.com/watch?v=wO2fHMqAXO8&amp;list=WL&amp;index=19&amp;pp=iAQBsAgC,https://letterboxd.com/closetpicks/list/jodie-fosters-criterion-closet-picks/
Diego Calva,2026-01-07,2026,0,man,actors,0,18,https://youtu.be/ZJF_asiGU3c,https://letterboxd.com/closetpicks/list/diego-calvas-criterion-closet-picks/
Thierry Frémaux,2026-01-09,2026,0,man,festival-organizers,0,28,https://youtu.be/h1NsxFbPT-U,https://letterboxd.com/closetpicks/list/thierry-fremauxs-criterion-closet-picks/
Laura Dern,2026-01-12,2026,0,woman,actors,0,44,https://youtu.be/c2IZf_NRJKs,https://letterboxd.com/closetpicks/list/laura-derns-criterion-closet-picks/
Cary Elwes,2026-01-14,2026,0,man,actors;author,0,5,https://youtu.be/mIugin2XpV4,https://letterboxd.com/closetpicks/list/cary-elwes-criterion-closet-picks/
Jim Jarmusch,2026-01-16,2026,0,man,writers;directors,0,16,https://www.youtube.com/watch?v=_miFRuKBw8o&amp;list=WL&amp;index=9,https://letterboxd.com/closetpicks/list/jim-jarmuschs-criterion-closet-picks/
Jamie Demetriou,2026-01-27,2026,0,man,comedians;actors;writers,0,7,https://www.youtube.com/watch?v=W5hLFhqn1FM&amp;list=WL&amp;index=8&amp;pp=iAQBsAgC,https://letterboxd.com/closetpicks/list/jamie-demetrious-criterion-closet-picks/
Maggie Gyllenhaal,2026-02-03,2026,0,woman,actors;directors,0,15,https://youtu.be/6YDJ0lLnkHA,https://letterboxd.com/closetpicks/list/maggie-gyllenhaals-criterion-closet-picks/
Halle Berry,2026-02-05,2026,0,woman,actors;directors,0,10,https://www.youtube.com/watch?v=NxtUjQOrJZU&amp;t=2s,https://letterboxd.com/closetpicks/list/halle-berrys-criterion-closet-picks/
Christoph Waltz,2026-02-05,2026,0,,actors;directors;producers,0,9,https://youtu.be/fJcVa4vYMHs?si=i2-rVmbzGYJ7A2Vu,https://letterboxd.com/closetpicks/list/christoph-waltzs-criterion-closet-picks/
Bob the Drag Queen,2026-02-09,2026,0,man,drag-performer;comedians;author,1,6,https://www.youtube.com/watch?v=0ZvmGDEBXZM,https://letterboxd.com/closetpicks/list/bob-the-drag-queens-criterion-closet-picks/
Mitski,2026-02-17,2025,0,woman,musicians,1,5,https://youtu.be/Om6PPF-C_G4,https://letterboxd.com/closetpicks/list/mitskis-criterion-closet-picks/
Sofia Coppola and Marc Jacobs,2026-03-03,2026,1,mixed,fashion-designers;directors;actors;writers,1,25,https://youtu.be/qLH-ZyrEBn8,https://letterboxd.com/closetpicks/list/sofia-coppola-and-marc-jacobs-criterion-closet/
John Slattery,2026-03-03,2026,0,man,actors;directors,0,5,https://youtu.be/B_Rhewt6f1E,https://letterboxd.com/closetpicks/list/john-slatterys-criterion-closet-picks/
Steven Knight,2026-03-09,2026,0,man,writers;directors,0,9,https://www.youtube.com/watch?v=2_ITjg3vrEU,https://letterboxd.com/closetpicks/list/steven-knights-criterion-closet-picks/
Elijah Wood,2026-03-18,2026,0,man,actors;producers,0,20,https://youtu.be/kcXBFY2XBuY,https://letterboxd.com/closetpicks/list/elijah-woods-criterion-closet-picks/
Elisabeth Moss,2026-03-18,2026,0,woman,actors,0,8,https://youtu.be/RgGuFOid5PE,https://letterboxd.com/closetpicks/list/elisabeth-moss-criterion-closet-picks/
Steve Zahn,2026-03-19,2026,0,man,actors,0,7,https://www.youtube.com/watch?v=QElu6xNs6Q8,https://letterboxd.com/closetpicks/list/steve-zahns-criterion-closet-picks/
Sophy Romvari,2026-03-19,2026,0,woman,writers;directors,0,5,https://youtu.be/ziMJzKbYF4g,https://letterboxd.com/closetpicks/list/sophy-romvaris-criterion-closet-picks/
Jack Harlow,2026-03-23,2026,0,man,musicians,0,37,https://youtu.be/2GEOljy1JKg,https://letterboxd.com/closetpicks/list/jack-harlows-criterion-closet-picks/
John Cameron Mitchell,2026-03-26,2026,0,non-binary,actors;directors;drag-performer;musicians;playwright,1,34,https://www.youtube.com/watch?v=4iilUJHpAf0&amp;list=WL&amp;index=8&amp;pp=iAQBsAgC,https://letterboxd.com/closetpicks/list/john-cameron-mitchells-criterion-closet-picks/
Eiza González,2026-03-26,2026,0,woman,actors,0,7,https://www.youtube.com/watch?v=zMUzKUMyNeQ,https://letterboxd.com/closetpicks/list/eiza-gonzalezs-criterion-closet-picks/
Jon Hamm,2026-03-30,2026,0,man,actors,0,10,https://youtu.be/ErwYl1eU3is,https://letterboxd.com/closetpicks/list/jon-hamms-criterion-closet-picks/
Boots Riley,2026-04-05,2026,0,man,writers;directors,0,32,https://youtu.be/E_66gXXfrbA,https://letterboxd.com/closetpicks/list/boots-rileys-criterion-closet-picks/
John C. Reilly,2026-04-06,2026,0,man,actors,0,6,https://youtu.be/vJn8q_oBWlc?si=i-kwWFfJnThjEy_z,https://letterboxd.com/closetpicks/list/john-c-reillys-criterion-closet-picks/
Bob Odenkirk,2026-04-07,2026,0,man,actors;directors;writers;comedians,0,29,https://youtu.be/_SDB919kWLo,https://letterboxd.com/closetpicks/list/bob-odenkirks-criterion-closet-picks/
Richard Gadd,2026-04-13,2026,0,man,writers;directors,0,7,https://youtu.be/1zj9pYwG64g,https://letterboxd.com/closetpicks/list/richard-gadds-criterion-closet-picks/
Oscar Isaac,2026-04-15,2026,0,man,actors,0,19,https://youtu.be/-GZ1xYEZDgc,https://letterboxd.com/closetpicks/list/oscar-isaacs-criterion-closet-picks/
Robert De Niro,2026-04-21,2026,0,man,actors;directors,0,39,https://youtu.be/1yXOFLr_LJc,https://letterboxd.com/closetpicks/list/robert-de-niros-criterion-closet-picks/
Matthew Rhys,2026-04-23,2026,0,man,actors,0,8,https://youtu.be/r0-5G6-g7WI,https://letterboxd.com/closetpicks/list/matthew-rhyss-criterion-closet-picks/
Lisa Kudrow,2026-05-03,2026,0,woman,actors;writers,0,5,https://youtu.be/VsywXM8vMLs,https://letterboxd.com/closetpicks/list/lisa-kudrows-criterion-closet-picks/
Paul Rudd,2026-05-18,2026,0,man,actors,0,8,https://youtu.be/ZTvRQRTVdqA,https://letterboxd.com/closetpicks/list/paul-rudds-criterion-closet-picks/
