id,name,scope_type,identity_status,number_assignment_status,scope_note,scope_limit,company_references,source_refs,checked_financial_field_count,latest_checked_financial_field_count
firm-15,A&M Disputes & Investigations LLP,catalogue_scope_linked_to_registered_entity,registry_identity_reference_checked,recorded_company_number_source_linked,Catalogue scope associated with the cited registered entity; the catalogue name may abbreviate a legal or business name.,"Identity and scope reference only. This does not establish an entire group boundary, current operating status, ownership, founding date or workforce.","[{""company_number"": ""OC331411"", ""organisation_id"": ""legal-GB-OC331411"", ""register_jurisdiction"": ""GB"", ""registered_name"": null, ""relationship"": ""registered entity associated with this catalogue scope"", ""source_refs"": [{""checked_on"": ""2026-09-12"", ""locator"": ""Registered office address block"", ""source_id"": ""source-ad84900d26fdca58b0bd""}]}]","[{""checked_on"": ""2026-09-12"", ""locator"": ""Registered office address block"", ""source_id"": ""source-ad84900d26fdca58b0bd""}]",3,3
firm-13,A&M Europe LLP,catalogue_scope_linked_to_registered_entity,registry_identity_reference_checked,recorded_company_number_source_linked,Catalogue scope associated with the cited registered entity; the catalogue name may abbreviate a legal or business name.,"Identity and scope reference only. This does not establish an entire group boundary, current operating status, ownership, founding date or workforce.","[{""company_number"": ""OC330414"", ""organisation_id"": ""legal-GB-OC330414"", ""register_jurisdiction"": ""GB"", ""registered_name"": null, ""relationship"": ""registered entity associated with this catalogue scope"", ""source_refs"": [{""checked_on"": ""2026-09-12"", ""locator"": ""Registered office address block"", ""source_id"": ""source-91842afcad8536a61853""}]}]","[{""checked_on"": ""2026-09-12"", ""locator"": ""Registered office address block"", ""source_id"": ""source-91842afcad8536a61853""}]",2,2
firm-14,A&M Tax LLP,catalogue_scope_linked_to_registered_entity,registry_identity_reference_checked,recorded_company_number_source_linked,Catalogue scope associated with the cited registered entity; the catalogue name may abbreviate a legal or business name.,"Identity and scope reference only. This does not establish an entire group boundary, current operating status, ownership, founding date or workforce.","[{""company_number"": ""OC332081"", ""organisation_id"": ""legal-GB-OC332081"", ""register_jurisdiction"": ""GB"", ""registered_name"": null, ""relationship"": ""registered entity associated with this catalogue scope"", ""source_refs"": [{""checked_on"": ""2026-09-12"", ""locator"": ""Registered office address block"", ""source_id"": ""source-2101488049b76ab02faa""}]}]","[{""checked_on"": ""2026-09-12"", ""locator"": ""Registered office address block"", ""source_id"": ""source-2101488049b76ab02faa""}]",3,3
firm-87,AFRY Management Consulting,catalogue_scope_linked_to_registered_entity,registry_identity_reference_checked,recorded_company_number_source_linked,Catalogue scope associated with the cited registered entity; the catalogue name may abbreviate a legal or business name.,"Identity and scope reference only. This does not establish an entire group boundary, current operating status, ownership, founding date or workforce.","[{""company_number"": ""02573801"", ""organisation_id"": ""legal-GB-02573801"", ""register_jurisdiction"": ""GB"", ""registered_name"": null, ""relationship"": ""registered entity associated with this catalogue scope"", ""source_refs"": [{""checked_on"": ""2026-09-12"", ""locator"": ""Companies House overview: Registered office address block"", ""source_id"": ""source-888844c8675a94e8121d""}]}]","[{""checked_on"": ""2026-09-12"", ""locator"": ""Companies House overview: Registered office address block"", ""source_id"": ""source-888844c8675a94e8121d""}]",4,4
firm-79,AMION Consulting Ltd,catalogue_scope_linked_to_registered_entity,registry_identity_reference_checked,recorded_company_number_source_linked,Catalogue scope associated with the cited registered entity; the catalogue name may abbreviate a legal or business name.,"Identity and scope reference only. This does not establish an entire group boundary, current operating status, ownership, founding date or workforce.","[{""company_number"": ""03909897"", ""organisation_id"": ""legal-GB-03909897"", ""register_jurisdiction"": ""GB"", ""registered_name"": null, ""relationship"": ""registered entity associated with this catalogue scope"", ""source_refs"": [{""checked_on"": ""2026-09-12"", ""locator"": ""Registered office address block"", ""source_id"": ""source-734511806e681e2e3f10""}]}]","[{""checked_on"": ""2026-09-12"", ""locator"": ""Registered office address block"", ""source_id"": ""source-734511806e681e2e3f10""}]",0,0
firm-84,Accuracy UK Ltd,catalogue_scope_linked_to_registered_entity,registry_identity_reference_checked,recorded_company_number_source_linked,Catalogue scope associated with the cited registered entity; the catalogue name may abbreviate a legal or business name.,"Identity and scope reference only. This does not establish an entire group boundary, current operating status, ownership, founding date or workforce.","[{""company_number"": ""06872377"", ""organisation_id"": ""legal-GB-06872377"", ""register_jurisdiction"": ""GB"", ""registered_name"": null, ""relationship"": ""registered entity associated with this catalogue scope"", ""source_refs"": [{""checked_on"": ""2026-09-12"", ""locator"": ""Registered office address block"", ""source_id"": ""source-9f85c7d3c0b552a1f59f""}]}]","[{""checked_on"": ""2026-09-12"", ""locator"": ""Registered office address block"", ""source_id"": ""source-9f85c7d3c0b552a1f59f""}]",5,5
firm-10,AlixPartners UK LLP,catalogue_scope_linked_to_registered_entity,registry_identity_reference_checked,recorded_company_number_source_linked,Catalogue scope associated with the cited registered entity; the catalogue name may abbreviate a legal or business name.,"Identity and scope reference only. This does not establish an entire group boundary, current operating status, ownership, founding date or workforce.","[{""company_number"": ""OC360308"", ""organisation_id"": ""legal-GB-OC360308"", ""register_jurisdiction"": ""GB"", ""registered_name"": null, ""relationship"": ""registered entity associated with this catalogue scope"", ""source_refs"": [{""checked_on"": ""2026-09-12"", ""locator"": ""Two LLAD01 rows dated 7 September 2026: New Street Square to One Millennium Bridge, then addition of street number 1"", ""source_id"": ""source-e2572c3fb8f49eec3305""}]}]","[{""checked_on"": ""2026-09-12"", ""locator"": ""Two LLAD01 rows dated 7 September 2026: New Street Square to One Millennium Bridge, then addition of street number 1"", ""source_id"": ""source-e2572c3fb8f49eec3305""}]",2,2
firm-20,Alma Economics Ltd,catalogue_scope_linked_to_registered_entity,registry_identity_reference_checked,recorded_company_number_source_linked,Catalogue scope associated with the cited registered entity; the catalogue name may abbreviate a legal or business name.,"Identity and scope reference only. This does not establish an entire group boundary, current operating status, ownership, founding date or workforce.","[{""company_number"": ""09391354"", ""organisation_id"": ""legal-GB-09391354"", ""register_jurisdiction"": ""GB"", ""registered_name"": null, ""relationship"": ""registered entity associated with this catalogue scope"", ""source_refs"": [{""checked_on"": ""2026-09-12"", ""locator"": ""Registered office address block"", ""source_id"": ""source-e16340332018a9feff0c""}]}]","[{""checked_on"": ""2026-09-12"", ""locator"": ""Registered office address block"", ""source_id"": ""source-e16340332018a9feff0c""}]",0,0
firm-9,Analysis Group Ltd,catalogue_scope_linked_to_registered_entity,registry_identity_reference_checked,recorded_company_number_source_linked,Catalogue scope associated with the cited registered entity; the catalogue name may abbreviate a legal or business name.,"Identity and scope reference only. This does not establish an entire group boundary, current operating status, ownership, founding date or workforce.","[{""company_number"": ""10629120"", ""organisation_id"": ""legal-GB-10629120"", ""register_jurisdiction"": ""GB"", ""registered_name"": null, ""relationship"": ""registered entity associated with this catalogue scope"", ""source_refs"": [{""checked_on"": ""2026-09-12"", ""locator"": ""Registered office address block"", ""source_id"": ""source-d1d37c7d565ea1c05cfd""}]}]","[{""checked_on"": ""2026-09-12"", ""locator"": ""Registered office address block"", ""source_id"": ""source-d1d37c7d565ea1c05cfd""}]",4,4
firm-54,Analytically Driven Ltd,catalogue_scope_linked_to_registered_entity,registry_identity_reference_checked,recorded_company_number_source_linked,Catalogue scope associated with the cited registered entity; the catalogue name may abbreviate a legal or business name.,"Identity and scope reference only. This does not establish an entire group boundary, current operating status, ownership, founding date or workforce.","[{""company_number"": ""08719788"", ""organisation_id"": ""legal-GB-08719788"", ""register_jurisdiction"": ""GB"", ""registered_name"": null, ""relationship"": ""registered entity associated with this catalogue scope"", ""source_refs"": [{""checked_on"": ""2026-09-12"", ""locator"": ""Registered office address block"", ""source_id"": ""source-f0497b6307626e366217""}]}]","[{""checked_on"": ""2026-09-12"", ""locator"": ""Registered office address block"", ""source_id"": ""source-f0497b6307626e366217""}]",0,0
firm-82,Aviation Economics Ltd,catalogue_scope_linked_to_registered_entity,registry_identity_reference_checked,recorded_company_number_source_linked,Catalogue scope associated with the cited registered entity; the catalogue name may abbreviate a legal or business name.,"Identity and scope reference only. This does not establish an entire group boundary, current operating status, ownership, founding date or workforce.","[{""company_number"": ""02967706"", ""organisation_id"": ""legal-GB-02967706"", ""register_jurisdiction"": ""GB"", ""registered_name"": null, ""relationship"": ""registered entity associated with this catalogue scope"", ""source_refs"": [{""checked_on"": ""2026-09-12"", ""locator"": ""Registered office address block"", ""source_id"": ""source-327f72218c53ecae8ac6""}]}]","[{""checked_on"": ""2026-09-12"", ""locator"": ""Registered office address block"", ""source_id"": ""source-327f72218c53ecae8ac6""}]",0,0
firm-71,BDO Economic Consulting,service_line,source_checked_scope_boundary,deliberately_unassigned_to_practice,Economic Consulting is a team within BDO UK; the host LLP is not a separate economics company.,"Identity and scope reference only. This does not establish an entire group boundary, current operating status, ownership, founding date or workforce.","[{""company_number"": ""OC305127"", ""organisation_id"": ""legal-GB-OC305127"", ""register_jurisdiction"": ""GB"", ""registered_name"": null, ""relationship"": ""host legal context, not the entire catalogue scope"", ""source_refs"": [{""checked_on"": ""2026-09-12"", ""locator"": ""Economic Consulting heading and dedicated-team opening"", ""source_id"": ""source-9b7cf058ec2b9483629c""}]}]","[{""checked_on"": ""2026-09-12"", ""locator"": ""Economic Consulting heading and dedicated-team opening"", ""source_id"": ""source-9b7cf058ec2b9483629c""}]",0,0
firm-7,BRG UK Ltd,catalogue_scope_linked_to_registered_entity,registry_identity_reference_checked,recorded_company_number_source_linked,Catalogue scope associated with the cited registered entity; the catalogue name may abbreviate a legal or business name.,"Identity and scope reference only. This does not establish an entire group boundary, current operating status, ownership, founding date or workforce.","[{""company_number"": ""07245710"", ""organisation_id"": ""legal-GB-07245710"", ""register_jurisdiction"": ""GB"", ""registered_name"": null, ""relationship"": ""registered entity associated with this catalogue scope"", ""source_refs"": [{""checked_on"": ""2026-09-12"", ""locator"": ""Registered office address block"", ""source_id"": ""source-e53a126150bea6de7cc0""}]}]","[{""checked_on"": ""2026-09-12"", ""locator"": ""Registered office address block"", ""source_id"": ""source-e53a126150bea6de7cc0""}]",4,4
firm-12,Baringa Partners LLP,catalogue_scope_linked_to_registered_entity,registry_identity_reference_checked,recorded_company_number_source_linked,Catalogue scope associated with the cited registered entity; the catalogue name may abbreviate a legal or business name.,"Identity and scope reference only. This does not establish an entire group boundary, current operating status, ownership, founding date or workforce.","[{""company_number"": ""OC303471"", ""organisation_id"": ""legal-GB-OC303471"", ""register_jurisdiction"": ""GB"", ""registered_name"": null, ""relationship"": ""registered entity associated with this catalogue scope"", ""source_refs"": [{""checked_on"": ""2026-09-12"", ""locator"": ""Registered office address block"", ""source_id"": ""source-6f9772fc051abe25e854""}]}]","[{""checked_on"": ""2026-09-12"", ""locator"": ""Registered office address block"", ""source_id"": ""source-6f9772fc051abe25e854""}]",9,5
firm-41,Belmana Consultancy,catalogue_scope_linked_to_registered_entity,registry_identity_reference_checked,recorded_company_number_source_linked,Catalogue scope associated with the cited registered entity; the catalogue name may abbreviate a legal or business name.,"Identity and scope reference only. This does not establish an entire group boundary, current operating status, ownership, founding date or workforce.","[{""company_number"": ""08331277"", ""organisation_id"": ""legal-GB-08331277"", ""register_jurisdiction"": ""GB"", ""registered_name"": null, ""relationship"": ""registered entity associated with this catalogue scope"", ""source_refs"": [{""checked_on"": ""2026-09-12"", ""locator"": ""Companies House overview: Registered office address block"", ""source_id"": ""source-3f523e816681e00a9988""}]}]","[{""checked_on"": ""2026-09-12"", ""locator"": ""Companies House overview: Registered office address block"", ""source_id"": ""source-3f523e816681e00a9988""}]",0,0
firm-27,BiGGAR Economics Ltd,catalogue_scope_linked_to_registered_entity,registry_identity_reference_checked,recorded_company_number_source_linked,Catalogue scope associated with the cited registered entity; the catalogue name may abbreviate a legal or business name.,"Identity and scope reference only. This does not establish an entire group boundary, current operating status, ownership, founding date or workforce.","[{""company_number"": ""SC253093"", ""organisation_id"": ""legal-GB-SC253093"", ""register_jurisdiction"": ""GB"", ""registered_name"": null, ""relationship"": ""registered entity associated with this catalogue scope"", ""source_refs"": [{""checked_on"": ""2026-09-12"", ""locator"": ""Registered office address block"", ""source_id"": ""source-26e5372ebb6875c4e6d8""}]}]","[{""checked_on"": ""2026-09-12"", ""locator"": ""Registered office address block"", ""source_id"": ""source-26e5372ebb6875c4e6d8""}]",0,0
firm-6,Brattle Group Ltd,catalogue_scope_linked_to_registered_entity,registry_identity_reference_checked,recorded_company_number_source_linked,Catalogue scope associated with the cited registered entity; the catalogue name may abbreviate a legal or business name.,"Identity and scope reference only. This does not establish an entire group boundary, current operating status, ownership, founding date or workforce.","[{""company_number"": ""03378171"", ""organisation_id"": ""legal-GB-03378171"", ""register_jurisdiction"": ""GB"", ""registered_name"": null, ""relationship"": ""registered entity associated with this catalogue scope"", ""source_refs"": [{""checked_on"": ""2026-09-12"", ""locator"": ""Registered office address block"", ""source_id"": ""source-d38fb39b824cb9c5a286""}]}]","[{""checked_on"": ""2026-09-12"", ""locator"": ""Registered office address block"", ""source_id"": ""source-d38fb39b824cb9c5a286""}]",4,4
firm-94,Buttermere Consulting Ltd,catalogue_scope_linked_to_registered_entity,registry_identity_reference_checked,recorded_company_number_source_linked,Catalogue scope associated with the cited registered entity; the catalogue name may abbreviate a legal or business name.,"Identity and scope reference only. This does not establish an entire group boundary, current operating status, ownership, founding date or workforce.","[{""company_number"": ""12589870"", ""organisation_id"": ""legal-GB-12589870"", ""register_jurisdiction"": ""GB"", ""registered_name"": null, ""relationship"": ""registered entity associated with this catalogue scope"", ""source_refs"": [{""checked_on"": ""2026-09-12"", ""locator"": ""Registered office address block"", ""source_id"": ""source-e83cedca190cefd6e44f""}]}]","[{""checked_on"": ""2026-09-12"", ""locator"": ""Registered office address block"", ""source_id"": ""source-e83cedca190cefd6e44f""}]",0,0
firm-76,CEPA (Cambridge Economic Policy Associates),catalogue_scope_linked_to_registered_entity,registry_identity_reference_checked,recorded_company_number_source_linked,Catalogue scope associated with the cited registered entity; the catalogue name may abbreviate a legal or business name.,"Identity and scope reference only. This does not establish an entire group boundary, current operating status, ownership, founding date or workforce.","[{""company_number"": ""04077684"", ""organisation_id"": ""legal-GB-04077684"", ""register_jurisdiction"": ""GB"", ""registered_name"": null, ""relationship"": ""registered entity associated with this catalogue scope"", ""source_refs"": [{""checked_on"": ""2026-09-12"", ""locator"": ""Companies House overview: Registered office address block"", ""source_id"": ""source-8ef7394984373701af3e""}]}]","[{""checked_on"": ""2026-09-12"", ""locator"": ""Companies House overview: Registered office address block"", ""source_id"": ""source-8ef7394984373701af3e""}]",0,0
firm-4,CRA International UK,catalogue_scope_linked_to_registered_entity,registry_identity_reference_checked,recorded_company_number_source_linked,Catalogue scope associated with the cited registered entity; the catalogue name may abbreviate a legal or business name.,"Identity and scope reference only. This does not establish an entire group boundary, current operating status, ownership, founding date or workforce.","[{""company_number"": ""04007726"", ""organisation_id"": ""legal-GB-04007726"", ""register_jurisdiction"": ""GB"", ""registered_name"": null, ""relationship"": ""registered entity associated with this catalogue scope"", ""source_refs"": [{""checked_on"": ""2026-09-12"", ""locator"": ""Companies House overview: Registered office address block"", ""source_id"": ""source-01f45057e76fd43dd4be""}]}]","[{""checked_on"": ""2026-09-12"", ""locator"": ""Companies House overview: Registered office address block"", ""source_id"": ""source-01f45057e76fd43dd4be""}]",4,4
firm-47,Calverley Economic Advisors,catalogue_scope_linked_to_registered_entity,registry_identity_reference_checked,recorded_company_number_source_linked,Catalogue scope associated with the cited registered entity; the catalogue name may abbreviate a legal or business name.,"Identity and scope reference only. This does not establish an entire group boundary, current operating status, ownership, founding date or workforce.","[{""company_number"": ""10373577"", ""organisation_id"": ""legal-GB-10373577"", ""register_jurisdiction"": ""GB"", ""registered_name"": null, ""relationship"": ""registered entity associated with this catalogue scope"", ""source_refs"": [{""checked_on"": ""2026-09-12"", ""locator"": ""Registered office address block"", ""source_id"": ""source-f2547a161d74d4335f9d""}]}]","[{""checked_on"": ""2026-09-12"", ""locator"": ""Registered office address block"", ""source_id"": ""source-f2547a161d74d4335f9d""}]",0,0
firm-16,Cambridge Econometrics Ltd,catalogue_scope_linked_to_registered_entity,registry_identity_reference_checked,recorded_company_number_source_linked,Catalogue scope associated with the cited registered entity; the catalogue name may abbreviate a legal or business name.,"Identity and scope reference only. This does not establish an entire group boundary, current operating status, ownership, founding date or workforce.","[{""company_number"": ""01916825"", ""organisation_id"": ""legal-GB-01916825"", ""register_jurisdiction"": ""GB"", ""registered_name"": null, ""relationship"": ""registered entity associated with this catalogue scope"", ""source_refs"": [{""checked_on"": ""2026-09-12"", ""locator"": ""Registered office address block"", ""source_id"": ""source-eca4c14a83abed473c64""}]}]","[{""checked_on"": ""2026-09-12"", ""locator"": ""Registered office address block"", ""source_id"": ""source-eca4c14a83abed473c64""}]",4,4
firm-18,Capital Economics Ltd,catalogue_scope_linked_to_registered_entity,registry_identity_reference_checked,recorded_company_number_source_linked,Catalogue scope associated with the cited registered entity; the catalogue name may abbreviate a legal or business name.,"Identity and scope reference only. This does not establish an entire group boundary, current operating status, ownership, founding date or workforce.","[{""company_number"": ""02484735"", ""organisation_id"": ""legal-GB-02484735"", ""register_jurisdiction"": ""GB"", ""registered_name"": null, ""relationship"": ""registered entity associated with this catalogue scope"", ""source_refs"": [{""checked_on"": ""2026-09-12"", ""locator"": ""Registered office address block"", ""source_id"": ""source-3b1bf26e6010afc4b4ee""}]}]","[{""checked_on"": ""2026-09-12"", ""locator"": ""Registered office address block"", ""source_id"": ""source-3b1bf26e6010afc4b4ee""}]",4,4
firm-93,Capital Economics Research Ltd,catalogue_scope_linked_to_registered_entity,registry_identity_reference_checked,recorded_company_number_source_linked,Catalogue scope associated with the cited registered entity; the catalogue name may abbreviate a legal or business name.,"Identity and scope reference only. This does not establish an entire group boundary, current operating status, ownership, founding date or workforce.","[{""company_number"": ""09242255"", ""organisation_id"": ""legal-GB-09242255"", ""register_jurisdiction"": ""GB"", ""registered_name"": null, ""relationship"": ""registered entity associated with this catalogue scope"", ""source_refs"": [{""checked_on"": ""2026-09-12"", ""locator"": ""Registered office address block"", ""source_id"": ""source-912264c624d012eccdbe""}]}]","[{""checked_on"": ""2026-09-12"", ""locator"": ""Registered office address block"", ""source_id"": ""source-912264c624d012eccdbe""}]",0,0
firm-21,Cebr,catalogue_scope_linked_to_registered_entity,registry_identity_reference_checked,recorded_company_number_source_linked,Catalogue scope associated with the cited registered entity; the catalogue name may abbreviate a legal or business name.,"Identity and scope reference only. This does not establish an entire group boundary, current operating status, ownership, founding date or workforce.","[{""company_number"": ""02592404"", ""organisation_id"": ""legal-GB-02592404"", ""register_jurisdiction"": ""GB"", ""registered_name"": null, ""relationship"": ""registered entity associated with this catalogue scope"", ""source_refs"": [{""checked_on"": ""2026-09-12"", ""locator"": ""Registered office address block"", ""source_id"": ""source-46d68977124991e61e8c""}]}]","[{""checked_on"": ""2026-09-12"", ""locator"": ""Registered office address block"", ""source_id"": ""source-46d68977124991e61e8c""}]",0,0
firm-26,Connected Economics Ltd,catalogue_scope_linked_to_registered_entity,registry_identity_reference_checked,recorded_company_number_source_linked,Catalogue scope associated with the cited registered entity; the catalogue name may abbreviate a legal or business name.,"Identity and scope reference only. This does not establish an entire group boundary, current operating status, ownership, founding date or workforce.","[{""company_number"": ""07884615"", ""organisation_id"": ""legal-GB-07884615"", ""register_jurisdiction"": ""GB"", ""registered_name"": null, ""relationship"": ""registered entity associated with this catalogue scope"", ""source_refs"": [{""checked_on"": ""2026-09-12"", ""locator"": ""Visible DOM text, Registered office address block"", ""source_id"": ""source-1e1f83e62430e80e0bbf""}]}]","[{""checked_on"": ""2026-09-12"", ""locator"": ""Visible DOM text, Registered office address block"", ""source_id"": ""source-1e1f83e62430e80e0bbf""}]",0,0
firm-46,Continuum Economics (4Cast),catalogue_scope_linked_to_registered_entity,registry_identity_reference_checked,recorded_company_number_source_linked,Catalogue scope associated with the cited registered entity; the catalogue name may abbreviate a legal or business name.,"Identity and scope reference only. This does not establish an entire group boundary, current operating status, ownership, founding date or workforce.","[{""company_number"": ""02711701"", ""organisation_id"": ""legal-GB-02711701"", ""register_jurisdiction"": ""GB"", ""registered_name"": null, ""relationship"": ""registered entity associated with this catalogue scope"", ""source_refs"": [{""checked_on"": ""2026-09-12"", ""locator"": ""Registered office address block"", ""source_id"": ""source-67a94767c0d5d95debca""}]}]","[{""checked_on"": ""2026-09-12"", ""locator"": ""Registered office address block"", ""source_id"": ""source-67a94767c0d5d95debca""}]",0,0
firm-8,Cornerstone Research UK,catalogue_scope_linked_to_registered_entity,registry_identity_reference_checked,recorded_company_number_source_linked,Catalogue scope associated with the cited registered entity; the catalogue name may abbreviate a legal or business name.,"Identity and scope reference only. This does not establish an entire group boundary, current operating status, ownership, founding date or workforce.","[{""company_number"": ""09174489"", ""organisation_id"": ""legal-GB-09174489"", ""register_jurisdiction"": ""GB"", ""registered_name"": null, ""relationship"": ""registered entity associated with this catalogue scope"", ""source_refs"": [{""checked_on"": ""2026-09-12"", ""locator"": ""Registered office address block"", ""source_id"": ""source-36eecf07811089e34627""}]}]","[{""checked_on"": ""2026-09-12"", ""locator"": ""Registered office address block"", ""source_id"": ""source-36eecf07811089e34627""}]",5,5
firm-69,Deloitte Economic Consulting,service_line,source_checked_scope_boundary,deliberately_unassigned_to_practice,Economic Advisory is a Deloitte UK service line. Global member firms remain separate legal entities.,"Identity and scope reference only. This does not establish an entire group boundary, current operating status, ownership, founding date or workforce.","[{""company_number"": ""OC303675"", ""organisation_id"": ""legal-GB-OC303675"", ""register_jurisdiction"": ""GB"", ""registered_name"": null, ""relationship"": ""host legal context, not the entire catalogue scope"", ""source_refs"": [{""checked_on"": ""2026-09-12"", ""locator"": ""Services and Economic Advisory contact, lines442–548"", ""source_id"": ""source-c9940782b57fffef0d14""}]}]","[{""checked_on"": ""2026-09-12"", ""locator"": ""Services and Economic Advisory contact, lines442–548"", ""source_id"": ""source-c9940782b57fffef0d14""}]",0,0
firm-53,Derrick Jones Economics Ltd,catalogue_scope_linked_to_registered_entity,registry_identity_reference_checked,recorded_company_number_source_linked,Catalogue scope associated with the cited registered entity; the catalogue name may abbreviate a legal or business name.,"Identity and scope reference only. This does not establish an entire group boundary, current operating status, ownership, founding date or workforce.","[{""company_number"": ""09325261"", ""organisation_id"": ""legal-GB-09325261"", ""register_jurisdiction"": ""GB"", ""registered_name"": null, ""relationship"": ""registered entity associated with this catalogue scope"", ""source_refs"": [{""checked_on"": ""2026-09-12"", ""locator"": ""Registered office address block"", ""source_id"": ""source-533a0143cdf02762e980""}]}]","[{""checked_on"": ""2026-09-12"", ""locator"": ""Registered office address block"", ""source_id"": ""source-533a0143cdf02762e980""}]",0,0
firm-62,DotEcon Ltd,catalogue_scope_linked_to_registered_entity,registry_identity_reference_checked,recorded_company_number_source_linked,Catalogue scope associated with the cited registered entity; the catalogue name may abbreviate a legal or business name.,"Identity and scope reference only. This does not establish an entire group boundary, current operating status, ownership, founding date or workforce.","[{""company_number"": ""03783016"", ""organisation_id"": ""legal-GB-03783016"", ""register_jurisdiction"": ""GB"", ""registered_name"": null, ""relationship"": ""registered entity associated with this catalogue scope"", ""source_refs"": [{""checked_on"": ""2026-09-12"", ""locator"": ""Companies House overview: Registered office address block"", ""source_id"": ""source-3e79bbeab331683a2b7b""}]}]","[{""checked_on"": ""2026-09-12"", ""locator"": ""Companies House overview: Registered office address block"", ""source_id"": ""source-3e79bbeab331683a2b7b""}]",0,0
firm-63,E.CA Economics,overseas_company_uk_establishment,source_checked_scope_boundary,deliberately_unassigned_single_uk_company_number,E.CA Economics has UK establishment BR021155 of overseas company FC036069. The establishment is not a separate incorporated legal person and is distinct from ECA Economics Ltd.,"Identity and scope reference only. This does not establish an entire group boundary, current operating status, ownership, founding date or workforce.","[{""company_number"": ""FC036069"", ""organisation_id"": ""legal-GB-FC036069"", ""register_jurisdiction"": ""GB"", ""registered_name"": null, ""relationship"": ""host legal context, not the entire catalogue scope"", ""source_refs"": [{""checked_on"": ""2026-09-12"", ""locator"": ""UK establishment number and parent company, lines13–37"", ""source_id"": ""source-8166c06c4e4eddf3569c""}]}, {""establishment_number"": ""BR021155"", ""foreign_company_number"": ""FC036069"", ""organisation_id"": ""establishment-GB-BR021155"", ""register_jurisdiction"": ""GB"", ""relationship"": ""registered UK establishment, not a separate incorporated legal person"", ""source_refs"": [{""checked_on"": ""2026-09-12"", ""locator"": ""UK establishment number and parent company, lines13–37"", ""source_id"": ""source-8166c06c4e4eddf3569c""}]}]","[{""checked_on"": ""2026-09-12"", ""locator"": ""UK establishment number and parent company, lines13–37"", ""source_id"": ""source-8166c06c4e4eddf3569c""}]",0,0
firm-95,ECA Economics Ltd,catalogue_scope_linked_to_registered_entity,registry_identity_reference_checked,recorded_company_number_source_linked,Catalogue scope associated with the cited registered entity; the catalogue name may abbreviate a legal or business name.,"Identity and scope reference only. This does not establish an entire group boundary, current operating status, ownership, founding date or workforce.","[{""company_number"": ""07858218"", ""organisation_id"": ""legal-GB-07858218"", ""register_jurisdiction"": ""GB"", ""registered_name"": null, ""relationship"": ""registered entity associated with this catalogue scope"", ""source_refs"": [{""checked_on"": ""2026-09-12"", ""locator"": ""Visible DOM text, Registered office address block"", ""source_id"": ""source-cfc64e73a3eb4b577c85""}]}]","[{""checked_on"": ""2026-09-12"", ""locator"": ""Visible DOM text, Registered office address block"", ""source_id"": ""source-cfc64e73a3eb4b577c85""}]",0,0
firm-78,EKOS Consulting (UK) Ltd,catalogue_scope_linked_to_registered_entity,registry_identity_reference_checked,recorded_company_number_source_linked,Catalogue scope associated with the cited registered entity; the catalogue name may abbreviate a legal or business name.,"Identity and scope reference only. This does not establish an entire group boundary, current operating status, ownership, founding date or workforce.","[{""company_number"": ""SC229257"", ""organisation_id"": ""legal-GB-SC229257"", ""register_jurisdiction"": ""GB"", ""registered_name"": null, ""relationship"": ""registered entity associated with this catalogue scope"", ""source_refs"": [{""checked_on"": ""2026-09-12"", ""locator"": ""Registered office address block"", ""source_id"": ""source-bcc2188e897b843e5f8c""}]}]","[{""checked_on"": ""2026-09-12"", ""locator"": ""Registered office address block"", ""source_id"": ""source-bcc2188e897b843e5f8c""}]",3,3
firm-59,Econance Ltd,catalogue_scope_linked_to_registered_entity,registry_identity_reference_checked,recorded_company_number_source_linked,Catalogue scope associated with the cited registered entity; the catalogue name may abbreviate a legal or business name.,"Identity and scope reference only. This does not establish an entire group boundary, current operating status, ownership, founding date or workforce.","[{""company_number"": ""11545550"", ""organisation_id"": ""legal-GB-11545550"", ""register_jurisdiction"": ""GB"", ""registered_name"": null, ""relationship"": ""registered entity associated with this catalogue scope"", ""source_refs"": [{""checked_on"": ""2026-09-12"", ""locator"": ""Registered office address block"", ""source_id"": ""source-b1206c004734c4afd968""}]}]","[{""checked_on"": ""2026-09-12"", ""locator"": ""Registered office address block"", ""source_id"": ""source-b1206c004734c4afd968""}]",0,0
firm-60,Econic Partners (UK),catalogue_scope_linked_to_registered_entity,registry_identity_reference_checked,recorded_company_number_source_linked,Catalogue scope associated with the cited registered entity; the catalogue name may abbreviate a legal or business name.,"Identity and scope reference only. This does not establish an entire group boundary, current operating status, ownership, founding date or workforce.","[{""company_number"": ""16147541"", ""organisation_id"": ""legal-GB-16147541"", ""register_jurisdiction"": ""GB"", ""registered_name"": null, ""relationship"": ""registered entity associated with this catalogue scope"", ""source_refs"": [{""checked_on"": ""2026-09-12"", ""locator"": ""Registered office address block"", ""source_id"": ""source-a5f9c4c30ae7de76177d""}]}]","[{""checked_on"": ""2026-09-12"", ""locator"": ""Registered office address block"", ""source_id"": ""source-a5f9c4c30ae7de76177d""}]",0,0
firm-33,Economic Consulting Associates,catalogue_scope_linked_to_registered_entity,registry_identity_reference_checked,recorded_company_number_source_linked,Catalogue scope associated with the cited registered entity; the catalogue name may abbreviate a legal or business name.,"Identity and scope reference only. This does not establish an entire group boundary, current operating status, ownership, founding date or workforce.","[{""company_number"": ""03362992"", ""organisation_id"": ""legal-GB-03362992"", ""register_jurisdiction"": ""GB"", ""registered_name"": null, ""relationship"": ""registered entity associated with this catalogue scope"", ""source_refs"": [{""checked_on"": ""2026-09-12"", ""locator"": ""Companies House overview: Registered office address block"", ""source_id"": ""source-b4623cded6b96bbd75b1""}]}]","[{""checked_on"": ""2026-09-12"", ""locator"": ""Companies House overview: Registered office address block"", ""source_id"": ""source-b4623cded6b96bbd75b1""}]",0,0
firm-22,Economic Insight Ltd,catalogue_scope_linked_to_registered_entity,registry_identity_reference_checked,recorded_company_number_source_linked,Catalogue scope associated with the cited registered entity; the catalogue name may abbreviate a legal or business name.,"Identity and scope reference only. This does not establish an entire group boundary, current operating status, ownership, founding date or workforce.","[{""company_number"": ""07608279"", ""organisation_id"": ""legal-GB-07608279"", ""register_jurisdiction"": ""GB"", ""registered_name"": ""Economic Insight Limited"", ""relationship"": ""registered entity associated with this catalogue scope"", ""source_refs"": [{""checked_on"": ""2026-09-12"", ""locator"": ""Companies House overview: Registered office address block"", ""source_id"": ""source-c9120b41ab20e471bc39""}]}]","[{""checked_on"": ""2026-09-12"", ""locator"": ""Companies House overview: Registered office address block"", ""source_id"": ""source-c9120b41ab20e471bc39""}]",0,0
firm-48,Economic Perspectives Ltd,catalogue_scope_linked_to_registered_entity,registry_identity_reference_checked,recorded_company_number_source_linked,Catalogue scope associated with the cited registered entity; the catalogue name may abbreviate a legal or business name.,"Identity and scope reference only. This does not establish an entire group boundary, current operating status, ownership, founding date or workforce.","[{""company_number"": ""03157633"", ""organisation_id"": ""legal-GB-03157633"", ""register_jurisdiction"": ""GB"", ""registered_name"": null, ""relationship"": ""registered entity associated with this catalogue scope"", ""source_refs"": [{""checked_on"": ""2026-09-12"", ""locator"": ""Registered office address block"", ""source_id"": ""source-74d735d2c3439bd4907f""}]}]","[{""checked_on"": ""2026-09-12"", ""locator"": ""Registered office address block"", ""source_id"": ""source-74d735d2c3439bd4907f""}]",0,0
firm-32,Ecorys UK Ltd,catalogue_scope_linked_to_registered_entity,registry_identity_reference_checked,recorded_company_number_source_linked,Catalogue scope associated with the cited registered entity; the catalogue name may abbreviate a legal or business name.,"Identity and scope reference only. This does not establish an entire group boundary, current operating status, ownership, founding date or workforce.","[{""company_number"": ""01650169"", ""organisation_id"": ""legal-GB-01650169"", ""register_jurisdiction"": ""GB"", ""registered_name"": null, ""relationship"": ""registered entity associated with this catalogue scope"", ""source_refs"": [{""checked_on"": ""2026-09-12"", ""locator"": ""Registered office address block"", ""source_id"": ""source-de96439d38098efe0fc6""}]}]","[{""checked_on"": ""2026-09-12"", ""locator"": ""Registered office address block"", ""source_id"": ""source-de96439d38098efe0fc6""}]",5,5
firm-11,FTI Consulting LLP,catalogue_scope_linked_to_registered_entity,registry_identity_reference_checked,recorded_company_number_source_linked,Catalogue scope associated with the cited registered entity; the catalogue name may abbreviate a legal or business name.,"Identity and scope reference only. This does not establish an entire group boundary, current operating status, ownership, founding date or workforce.","[{""company_number"": ""OC372614"", ""organisation_id"": ""legal-GB-OC372614"", ""register_jurisdiction"": ""GB"", ""registered_name"": null, ""relationship"": ""registered entity associated with this catalogue scope"", ""source_refs"": [{""checked_on"": ""2026-09-12"", ""locator"": ""Registered office address block"", ""source_id"": ""source-0ca79db229eff8f83513""}]}]","[{""checked_on"": ""2026-09-12"", ""locator"": ""Registered office address block"", ""source_id"": ""source-0ca79db229eff8f83513""}]",2,2
firm-25,Fathom Financial Consulting,catalogue_scope_linked_to_registered_entity,registry_identity_reference_checked,recorded_company_number_source_linked,Catalogue scope associated with the cited registered entity; the catalogue name may abbreviate a legal or business name.,"Identity and scope reference only. This does not establish an entire group boundary, current operating status, ownership, founding date or workforce.","[{""company_number"": ""04942817"", ""organisation_id"": ""legal-GB-04942817"", ""register_jurisdiction"": ""GB"", ""registered_name"": null, ""relationship"": ""registered entity associated with this catalogue scope"", ""source_refs"": [{""checked_on"": ""2026-09-12"", ""locator"": ""Registered office address block"", ""source_id"": ""source-17354e1c076ef9cc7bd2""}]}]","[{""checked_on"": ""2026-09-12"", ""locator"": ""Registered office address block"", ""source_id"": ""source-17354e1c076ef9cc7bd2""}]",0,0
firm-61,Fideres Partners LLP,catalogue_scope_linked_to_registered_entity,registry_identity_reference_checked,recorded_company_number_source_linked,Catalogue scope associated with the cited registered entity; the catalogue name may abbreviate a legal or business name.,"Identity and scope reference only. This does not establish an entire group boundary, current operating status, ownership, founding date or workforce.","[{""company_number"": ""OC344021"", ""organisation_id"": ""legal-GB-OC344021"", ""register_jurisdiction"": ""GB"", ""registered_name"": null, ""relationship"": ""registered entity associated with this catalogue scope"", ""source_refs"": [{""checked_on"": ""2026-09-12"", ""locator"": ""Registered office address block"", ""source_id"": ""source-5b151cce6cb9870eeab9""}]}]","[{""checked_on"": ""2026-09-12"", ""locator"": ""Registered office address block"", ""source_id"": ""source-5b151cce6cb9870eeab9""}]",1,1
firm-37,Fingleton Ltd,catalogue_scope_linked_to_registered_entity,registry_identity_reference_checked,recorded_company_number_source_linked,Catalogue scope associated with the cited registered entity; the catalogue name may abbreviate a legal or business name.,"Identity and scope reference only. This does not establish an entire group boundary, current operating status, ownership, founding date or workforce.","[{""company_number"": ""08371505"", ""organisation_id"": ""legal-GB-08371505"", ""register_jurisdiction"": ""GB"", ""registered_name"": null, ""relationship"": ""registered entity associated with this catalogue scope"", ""source_refs"": [{""checked_on"": ""2026-09-12"", ""locator"": ""Companies House overview: Registered office address block"", ""source_id"": ""source-ca1163ffa4132e6feecb""}]}]","[{""checked_on"": ""2026-09-12"", ""locator"": ""Companies House overview: Registered office address block"", ""source_id"": ""source-ca1163ffa4132e6feecb""}]",0,0
firm-85,Flint Global Ltd,catalogue_scope_linked_to_registered_entity,registry_identity_reference_checked,recorded_company_number_source_linked,Catalogue scope associated with the cited registered entity; the catalogue name may abbreviate a legal or business name.,"Identity and scope reference only. This does not establish an entire group boundary, current operating status, ownership, founding date or workforce.","[{""company_number"": ""09766786"", ""organisation_id"": ""legal-GB-09766786"", ""register_jurisdiction"": ""GB"", ""registered_name"": null, ""relationship"": ""registered entity associated with this catalogue scope"", ""source_refs"": [{""checked_on"": ""2026-09-12"", ""locator"": ""Companies House overview: Registered office address block"", ""source_id"": ""source-a17a53f3d601e9c4c28b""}]}]","[{""checked_on"": ""2026-09-12"", ""locator"": ""Companies House overview: Registered office address block"", ""source_id"": ""source-a17a53f3d601e9c4c28b""}]",4,4
firm-73,Fraser of Allander Institute,university_institute,source_checked_scope_boundary,not_applicable_standalone_company,An institute within Strathclyde Business School’s Department of Economics; a standalone company number does not apply.,"Identity and scope reference only. This does not establish an entire group boundary, current operating status, ownership, founding date or workforce.",[],"[{""checked_on"": ""2026-09-12"", ""locator"": ""Institute description, lines70–72"", ""source_id"": ""source-2c618c4e17cb735da94c""}]",0,0
firm-2,Frontier Economics Ltd,catalogue_scope_linked_to_registered_entity,registry_identity_reference_checked,recorded_company_number_source_linked,Catalogue scope associated with the cited registered entity; the catalogue name may abbreviate a legal or business name.,"Identity and scope reference only. This does not establish an entire group boundary, current operating status, ownership, founding date or workforce.","[{""company_number"": ""03752719"", ""organisation_id"": ""legal-GB-03752719"", ""register_jurisdiction"": ""GB"", ""registered_name"": null, ""relationship"": ""registered entity associated with this catalogue scope"", ""source_refs"": [{""checked_on"": ""2026-09-12"", ""locator"": ""Companies House overview: Registered office address block"", ""source_id"": ""source-a81e214cb91197a40c39""}]}]","[{""checked_on"": ""2026-09-12"", ""locator"": ""Companies House overview: Registered office address block"", ""source_id"": ""source-a81e214cb91197a40c39""}]",4,4
firm-70,Grant Thornton Economics,service_line,source_checked_scope_boundary,deliberately_unassigned_provider_link_unresolved,An economic-consulting service line. The exact current contracting provider has not been established.,"Identity and scope reference only. This does not establish an entire group boundary, current operating status, ownership, founding date or workforce.",[],"[{""checked_on"": ""2026-09-12"", ""locator"": ""Economic consulting service and introduction, lines268–270"", ""source_id"": ""source-6201a5e895a4e4e90376""}]",0,0
firm-51,Head and Heart Economics Ltd,catalogue_scope_linked_to_registered_entity,registry_identity_reference_checked,recorded_company_number_source_linked,Catalogue scope associated with the cited registered entity; the catalogue name may abbreviate a legal or business name.,"Identity and scope reference only. This does not establish an entire group boundary, current operating status, ownership, founding date or workforce.","[{""company_number"": ""08035566"", ""organisation_id"": ""legal-GB-08035566"", ""register_jurisdiction"": ""GB"", ""registered_name"": null, ""relationship"": ""registered entity associated with this catalogue scope"", ""source_refs"": [{""checked_on"": ""2026-09-12"", ""locator"": ""AX definition list, registered office address; elements 31–33"", ""source_id"": ""source-04efc329fb5e45d73203""}]}]","[{""checked_on"": ""2026-09-12"", ""locator"": ""AX definition list, registered office address; elements 31–33"", ""source_id"": ""source-04efc329fb5e45d73203""}]",0,0
firm-86,ICF Consulting Services Ltd,catalogue_scope_linked_to_registered_entity,registry_identity_reference_checked,recorded_company_number_source_linked,Catalogue scope associated with the cited registered entity; the catalogue name may abbreviate a legal or business name.,"Identity and scope reference only. This does not establish an entire group boundary, current operating status, ownership, founding date or workforce.","[{""company_number"": ""04161656"", ""organisation_id"": ""legal-GB-04161656"", ""register_jurisdiction"": ""GB"", ""registered_name"": null, ""relationship"": ""registered entity associated with this catalogue scope"", ""source_refs"": [{""checked_on"": ""2026-09-12"", ""locator"": ""Companies House overview: Registered office address block"", ""source_id"": ""source-8a593ca398f852d76f80""}]}]","[{""checked_on"": ""2026-09-12"", ""locator"": ""Companies House overview: Registered office address block"", ""source_id"": ""source-8a593ca398f852d76f80""}]",5,5
firm-77,Indepen Consulting Ltd,catalogue_scope_linked_to_registered_entity,registry_identity_reference_checked,recorded_company_number_source_linked,Catalogue scope associated with the cited registered entity; the catalogue name may abbreviate a legal or business name.,"Identity and scope reference only. This does not establish an entire group boundary, current operating status, ownership, founding date or workforce.","[{""company_number"": ""02474302"", ""organisation_id"": ""legal-GB-02474302"", ""register_jurisdiction"": ""GB"", ""registered_name"": null, ""relationship"": ""registered entity associated with this catalogue scope"", ""source_refs"": [{""checked_on"": ""2026-09-12"", ""locator"": ""AX registered office elements 32–34; status 36–38; dissolution 40–42"", ""source_id"": ""source-225c02852555286ca0ff""}]}]","[{""checked_on"": ""2026-09-12"", ""locator"": ""AX registered office elements 32–34; status 36–38; dissolution 40–42"", ""source_id"": ""source-225c02852555286ca0ff""}]",0,0
firm-36,Independent Economics LLP,catalogue_scope_linked_to_registered_entity,registry_identity_reference_checked,recorded_company_number_source_linked,Catalogue scope associated with the cited registered entity; the catalogue name may abbreviate a legal or business name.,"Identity and scope reference only. This does not establish an entire group boundary, current operating status, ownership, founding date or workforce.","[{""company_number"": ""OC342697"", ""organisation_id"": ""legal-GB-OC342697"", ""register_jurisdiction"": ""GB"", ""registered_name"": null, ""relationship"": ""registered entity associated with this catalogue scope"", ""source_refs"": [{""checked_on"": ""2026-09-12"", ""locator"": ""Registered office address block"", ""source_id"": ""source-28054c25543507422f4b""}]}]","[{""checked_on"": ""2026-09-12"", ""locator"": ""Registered office address block"", ""source_id"": ""source-28054c25543507422f4b""}]",0,0
firm-40,Keystone Strategy,brand,source_checked_scope_boundary,uk_company_identifier_unresolved_brand_supported,The Keystone brand is identified in announcements issued by Keystone Strategy LLC. Its UK contracting entity has not been established.,"Identity and scope reference only. This does not establish an entire group boundary, current operating status, ownership, founding date or workforce.",[],"[{""checked_on"": ""2026-09-12"", ""locator"": ""Issuer identity: Keystone Strategy, LLC; July archived release"", ""source_id"": ""source-b50510ded5684177da92""}]",0,0
firm-34,LIVE Economics Ltd,catalogue_scope_linked_to_registered_entity,registry_identity_reference_checked,recorded_company_number_source_linked,Catalogue scope associated with the cited registered entity; the catalogue name may abbreviate a legal or business name.,"Identity and scope reference only. This does not establish an entire group boundary, current operating status, ownership, founding date or workforce.","[{""company_number"": ""10785846"", ""organisation_id"": ""legal-GB-10785846"", ""register_jurisdiction"": ""GB"", ""registered_name"": null, ""relationship"": ""registered entity associated with this catalogue scope"", ""source_refs"": [{""checked_on"": ""2026-09-12"", ""locator"": ""Visible DOM text, Registered office address block"", ""source_id"": ""source-510c88eb88a5f9e156ad""}]}]","[{""checked_on"": ""2026-09-12"", ""locator"": ""Visible DOM text, Registered office address block"", ""source_id"": ""source-510c88eb88a5f9e156ad""}]",0,0
firm-19,London Economics Ltd,catalogue_scope_linked_to_registered_entity,registry_identity_reference_checked,recorded_company_number_source_linked,Catalogue scope associated with the cited registered entity; the catalogue name may abbreviate a legal or business name.,"Identity and scope reference only. This does not establish an entire group boundary, current operating status, ownership, founding date or workforce.","[{""company_number"": ""04083204"", ""organisation_id"": ""legal-GB-04083204"", ""register_jurisdiction"": ""GB"", ""registered_name"": null, ""relationship"": ""registered entity associated with this catalogue scope"", ""source_refs"": [{""checked_on"": ""2026-09-12"", ""locator"": ""Companies House overview: Registered office address block"", ""source_id"": ""source-30d117e3f02833a1c2ea""}]}]","[{""checked_on"": ""2026-09-12"", ""locator"": ""Companies House overview: Registered office address block"", ""source_id"": ""source-30d117e3f02833a1c2ea""}]",0,0
firm-42,Longview Economics Ltd,catalogue_scope_linked_to_registered_entity,registry_identity_reference_checked,recorded_company_number_source_linked,Catalogue scope associated with the cited registered entity; the catalogue name may abbreviate a legal or business name.,"Identity and scope reference only. This does not establish an entire group boundary, current operating status, ownership, founding date or workforce.","[{""company_number"": ""05000218"", ""organisation_id"": ""legal-GB-05000218"", ""register_jurisdiction"": ""GB"", ""registered_name"": null, ""relationship"": ""registered entity associated with this catalogue scope"", ""source_refs"": [{""checked_on"": ""2026-09-12"", ""locator"": ""Registered office address block"", ""source_id"": ""source-afabf4b9a913bc0097d8""}]}]","[{""checked_on"": ""2026-09-12"", ""locator"": ""Registered office address block"", ""source_id"": ""source-afabf4b9a913bc0097d8""}]",0,0
firm-44,Lorenzo Codogno Macro Advisors,catalogue_scope_linked_to_registered_entity,registry_identity_reference_checked,recorded_company_number_source_linked,Catalogue scope associated with the cited registered entity; the catalogue name may abbreviate a legal or business name.,"Identity and scope reference only. This does not establish an entire group boundary, current operating status, ownership, founding date or workforce.","[{""company_number"": ""09404977"", ""organisation_id"": ""legal-GB-09404977"", ""register_jurisdiction"": ""GB"", ""registered_name"": null, ""relationship"": ""registered entity associated with this catalogue scope"", ""source_refs"": [{""checked_on"": ""2026-09-12"", ""locator"": ""Registered office address block"", ""source_id"": ""source-d3ec04940b02416df16d""}]}]","[{""checked_on"": ""2026-09-12"", ""locator"": ""Registered office address block"", ""source_id"": ""source-d3ec04940b02416df16d""}]",0,0
firm-75,MCC Economics Ltd,catalogue_scope_linked_to_registered_entity,registry_identity_reference_checked,recorded_company_number_source_linked,Catalogue scope associated with the cited registered entity; the catalogue name may abbreviate a legal or business name.,"Identity and scope reference only. This does not establish an entire group boundary, current operating status, ownership, founding date or workforce.","[{""company_number"": ""10883299"", ""organisation_id"": ""legal-GB-10883299"", ""register_jurisdiction"": ""GB"", ""registered_name"": null, ""relationship"": ""registered entity associated with this catalogue scope"", ""source_refs"": [{""checked_on"": ""2026-09-12"", ""locator"": ""Companies House overview: Registered office address block"", ""source_id"": ""source-0626f4252fbd36d892a6""}]}]","[{""checked_on"": ""2026-09-12"", ""locator"": ""Companies House overview: Registered office address block"", ""source_id"": ""source-0626f4252fbd36d892a6""}]",0,0
firm-35,Macro Advisory Partners LLP,catalogue_scope_linked_to_registered_entity,registry_identity_reference_checked,recorded_company_number_source_linked,Catalogue scope associated with the cited registered entity; the catalogue name may abbreviate a legal or business name.,"Identity and scope reference only. This does not establish an entire group boundary, current operating status, ownership, founding date or workforce.","[{""company_number"": ""OC385173"", ""organisation_id"": ""legal-GB-OC385173"", ""register_jurisdiction"": ""GB"", ""registered_name"": null, ""relationship"": ""registered entity associated with this catalogue scope"", ""source_refs"": [{""checked_on"": ""2026-09-12"", ""locator"": ""Registered office address block"", ""source_id"": ""source-91e4cbf811d83ccf1e34""}]}]","[{""checked_on"": ""2026-09-12"", ""locator"": ""Registered office address block"", ""source_id"": ""source-91e4cbf811d83ccf1e34""}]",5,5
firm-45,Macro Hive Ltd,catalogue_scope_linked_to_registered_entity,registry_identity_reference_checked,recorded_company_number_source_linked,Catalogue scope associated with the cited registered entity; the catalogue name may abbreviate a legal or business name.,"Identity and scope reference only. This does not establish an entire group boundary, current operating status, ownership, founding date or workforce.","[{""company_number"": ""12003121"", ""organisation_id"": ""legal-GB-12003121"", ""register_jurisdiction"": ""GB"", ""registered_name"": null, ""relationship"": ""registered entity associated with this catalogue scope"", ""source_refs"": [{""checked_on"": ""2026-09-12"", ""locator"": ""Registered office address block"", ""source_id"": ""source-313ea253fc6eac740f72""}]}]","[{""checked_on"": ""2026-09-12"", ""locator"": ""Registered office address block"", ""source_id"": ""source-313ea253fc6eac740f72""}]",0,0
firm-88,NEF Consulting,catalogue_scope_linked_to_registered_entity,registry_identity_reference_checked,recorded_company_number_source_linked,Catalogue scope associated with the cited registered entity; the catalogue name may abbreviate a legal or business name.,"Identity and scope reference only. This does not establish an entire group boundary, current operating status, ownership, founding date or workforce.","[{""company_number"": ""06570398"", ""organisation_id"": ""legal-GB-06570398"", ""register_jurisdiction"": ""GB"", ""registered_name"": null, ""relationship"": ""registered entity associated with this catalogue scope"", ""source_refs"": [{""checked_on"": ""2026-09-12"", ""locator"": ""Registered name and company number in archived capture"", ""source_id"": ""source-eaf23eeaf694df69dbbd""}]}]","[{""checked_on"": ""2026-09-12"", ""locator"": ""Registered name and company number in archived capture"", ""source_id"": ""source-eaf23eeaf694df69dbbd""}]",0,0
firm-5,NERA UK Limited,catalogue_scope_linked_to_registered_entity,registry_identity_reference_checked,recorded_company_number_source_linked,Catalogue scope associated with the cited registered entity; the catalogue name may abbreviate a legal or business name.,"Identity and scope reference only. This does not establish an entire group boundary, current operating status, ownership, founding date or workforce.","[{""company_number"": ""03974527"", ""organisation_id"": ""legal-GB-03974527"", ""register_jurisdiction"": ""GB"", ""registered_name"": null, ""relationship"": ""registered entity associated with this catalogue scope"", ""source_refs"": [{""checked_on"": ""2026-09-12"", ""locator"": ""Companies House overview: Registered office address block"", ""source_id"": ""source-e8a90028d46a68b27194""}]}]","[{""checked_on"": ""2026-09-12"", ""locator"": ""Companies House overview: Registered office address block"", ""source_id"": ""source-e8a90028d46a68b27194""}]",4,4
firm-3,Oxera Consulting LLP,catalogue_scope_linked_to_registered_entity,registry_identity_reference_checked,recorded_company_number_source_linked,Catalogue scope associated with the cited registered entity; the catalogue name may abbreviate a legal or business name.,"Identity and scope reference only. This does not establish an entire group boundary, current operating status, ownership, founding date or workforce.","[{""company_number"": ""OC392464"", ""organisation_id"": ""legal-GB-OC392464"", ""register_jurisdiction"": ""GB"", ""registered_name"": null, ""relationship"": ""registered entity associated with this catalogue scope"", ""source_refs"": [{""checked_on"": ""2026-09-12"", ""locator"": ""Registered office address block"", ""source_id"": ""source-e9dec95eb84e4ddffe31""}]}]","[{""checked_on"": ""2026-09-12"", ""locator"": ""Registered office address block"", ""source_id"": ""source-e9dec95eb84e4ddffe31""}]",12,6
firm-64,Oxford Analytica Ltd,catalogue_scope_linked_to_registered_entity,registry_identity_reference_checked,recorded_company_number_source_linked,Catalogue scope associated with the cited registered entity; the catalogue name may abbreviate a legal or business name.,"Identity and scope reference only. This does not establish an entire group boundary, current operating status, ownership, founding date or workforce.","[{""company_number"": ""01196703"", ""organisation_id"": ""legal-GB-01196703"", ""register_jurisdiction"": ""GB"", ""registered_name"": null, ""relationship"": ""registered entity associated with this catalogue scope"", ""source_refs"": [{""checked_on"": ""2026-09-12"", ""locator"": ""Registered office address block"", ""source_id"": ""source-4cf1910ec79b77f8d3e0""}]}]","[{""checked_on"": ""2026-09-12"", ""locator"": ""Registered office address block"", ""source_id"": ""source-4cf1910ec79b77f8d3e0""}]",0,0
firm-17,Oxford Economics Ltd,catalogue_scope_linked_to_registered_entity,registry_identity_reference_checked,recorded_company_number_source_linked,Catalogue scope associated with the cited registered entity; the catalogue name may abbreviate a legal or business name.,"Identity and scope reference only. This does not establish an entire group boundary, current operating status, ownership, founding date or workforce.","[{""company_number"": ""01557776"", ""organisation_id"": ""legal-GB-01557776"", ""register_jurisdiction"": ""GB"", ""registered_name"": null, ""relationship"": ""registered entity associated with this catalogue scope"", ""source_refs"": [{""checked_on"": ""2026-09-12"", ""locator"": ""Registered office address block"", ""source_id"": ""source-99a7384290a78c0bcf6a""}]}]","[{""checked_on"": ""2026-09-12"", ""locator"": ""Registered office address block"", ""source_id"": ""source-99a7384290a78c0bcf6a""}]",4,4
firm-67,PA Consulting,group_brand,source_checked_scope_boundary,deliberately_unassigned_group_scope,A group brand spanning several legal companies. A listed UK group company does not represent the whole brand.,"Identity and scope reference only. This does not establish an entire group boundary, current operating status, ownership, founding date or workforce.","[{""company_number"": ""00414220"", ""organisation_id"": ""legal-GB-00414220"", ""register_jurisdiction"": ""GB"", ""registered_name"": null, ""relationship"": ""host legal context, not the entire catalogue scope"", ""source_refs"": [{""checked_on"": ""2026-09-12"", ""locator"": ""Group legal-entity table lines102–125"", ""source_id"": ""source-d0004a374eb7abcfcafe""}]}]","[{""checked_on"": ""2026-09-12"", ""locator"": ""Group legal-entity table lines102–125"", ""source_id"": ""source-d0004a374eb7abcfcafe""}]",0,0
firm-43,Pantheon Macroeconomics Ltd,catalogue_scope_linked_to_registered_entity,registry_identity_reference_checked,recorded_company_number_source_linked,Catalogue scope associated with the cited registered entity; the catalogue name may abbreviate a legal or business name.,"Identity and scope reference only. This does not establish an entire group boundary, current operating status, ownership, founding date or workforce.","[{""company_number"": ""07076751"", ""organisation_id"": ""legal-GB-07076751"", ""register_jurisdiction"": ""GB"", ""registered_name"": null, ""relationship"": ""registered entity associated with this catalogue scope"", ""source_refs"": [{""checked_on"": ""2026-09-12"", ""locator"": ""Registered office address block"", ""source_id"": ""source-bfe918e7050c0ffce963""}]}]","[{""checked_on"": ""2026-09-12"", ""locator"": ""Registered office address block"", ""source_id"": ""source-bfe918e7050c0ffce963""}]",0,0
firm-28,Plum Consulting London LLP,catalogue_scope_linked_to_registered_entity,registry_identity_reference_checked,recorded_company_number_source_linked,Catalogue scope associated with the cited registered entity; the catalogue name may abbreviate a legal or business name.,"Identity and scope reference only. This does not establish an entire group boundary, current operating status, ownership, founding date or workforce.","[{""company_number"": ""OC377350"", ""organisation_id"": ""legal-GB-OC377350"", ""register_jurisdiction"": ""GB"", ""registered_name"": null, ""relationship"": ""registered entity associated with this catalogue scope"", ""source_refs"": [{""checked_on"": ""2026-09-12"", ""locator"": ""Companies House overview: Registered office address block"", ""source_id"": ""source-01a1664171f8b4d3ce6a""}]}]","[{""checked_on"": ""2026-09-12"", ""locator"": ""Companies House overview: Registered office address block"", ""source_id"": ""source-01a1664171f8b4d3ce6a""}]",0,0
firm-29,Pragmatix Advisory Ltd,catalogue_scope_linked_to_registered_entity,registry_identity_reference_checked,recorded_company_number_source_linked,Catalogue scope associated with the cited registered entity; the catalogue name may abbreviate a legal or business name.,"Identity and scope reference only. This does not establish an entire group boundary, current operating status, ownership, founding date or workforce.","[{""company_number"": ""12403422"", ""organisation_id"": ""legal-GB-12403422"", ""register_jurisdiction"": ""GB"", ""registered_name"": null, ""relationship"": ""registered entity associated with this catalogue scope"", ""source_refs"": [{""checked_on"": ""2026-09-12"", ""locator"": ""Companies House overview: Registered office address block"", ""source_id"": ""source-ceddf37d4a48d217b099""}]}]","[{""checked_on"": ""2026-09-12"", ""locator"": ""Companies House overview: Registered office address block"", ""source_id"": ""source-ceddf37d4a48d217b099""}]",0,0
firm-50,Public First Ltd,catalogue_scope_linked_to_registered_entity,registry_identity_reference_checked,recorded_company_number_source_linked,Catalogue scope associated with the cited registered entity; the catalogue name may abbreviate a legal or business name.,"Identity and scope reference only. This does not establish an entire group boundary, current operating status, ownership, founding date or workforce.","[{""company_number"": ""10149826"", ""organisation_id"": ""legal-GB-10149826"", ""register_jurisdiction"": ""GB"", ""registered_name"": null, ""relationship"": ""registered entity associated with this catalogue scope"", ""source_refs"": [{""checked_on"": ""2026-09-12"", ""locator"": ""Companies House overview: Registered office address block"", ""source_id"": ""source-e94890c0366574379248""}]}]","[{""checked_on"": ""2026-09-12"", ""locator"": ""Companies House overview: Registered office address block"", ""source_id"": ""source-e94890c0366574379248""}]",0,0
firm-68,PwC Economics,service_line,source_checked_scope_boundary,deliberately_unassigned_to_practice,A UK economics service line within the PwC network; the global network is not one legal entity.,"Identity and scope reference only. This does not establish an entire group boundary, current operating status, ownership, founding date or workforce.","[{""company_number"": ""OC303525"", ""organisation_id"": ""legal-GB-OC303525"", ""register_jurisdiction"": ""GB"", ""registered_name"": null, ""relationship"": ""host legal context, not the entire catalogue scope"", ""source_refs"": [{""checked_on"": ""2026-09-12"", ""locator"": ""Economics services lines197–224 and member-firm footer320"", ""source_id"": ""source-f78e1a4f73a9f4847697""}]}]","[{""checked_on"": ""2026-09-12"", ""locator"": ""Economics services lines197–224 and member-firm footer320"", ""source_id"": ""source-f78e1a4f73a9f4847697""}]",0,0
firm-1,RBB Economics LLP,catalogue_scope_linked_to_registered_entity,registry_identity_reference_checked,recorded_company_number_source_linked,Catalogue scope associated with the cited registered entity; the catalogue name may abbreviate a legal or business name.,"Identity and scope reference only. This does not establish an entire group boundary, current operating status, ownership, founding date or workforce.","[{""company_number"": ""OC315356"", ""organisation_id"": ""legal-GB-OC315356"", ""register_jurisdiction"": ""GB"", ""registered_name"": null, ""relationship"": ""registered entity associated with this catalogue scope"", ""source_refs"": [{""checked_on"": ""2026-09-12"", ""locator"": ""Companies House overview: Registered office address block"", ""source_id"": ""source-5be7978b14dab0d662f5""}]}]","[{""checked_on"": ""2026-09-12"", ""locator"": ""Companies House overview: Registered office address block"", ""source_id"": ""source-5be7978b14dab0d662f5""}]",11,6
firm-72,RSM Economics,service_line,source_checked_scope_boundary,deliberately_unassigned_to_practice,RSM Economics Consulting is a team. RSM UK Consulting LLP is identified as provider of the cited government study.,"Identity and scope reference only. This does not establish an entire group boundary, current operating status, ownership, founding date or workforce.","[{""company_number"": ""OC397475"", ""organisation_id"": ""legal-GB-OC397475"", ""register_jurisdiction"": ""GB"", ""registered_name"": null, ""relationship"": ""host legal context, not the entire catalogue scope"", ""source_refs"": [{""checked_on"": ""2026-09-12"", ""locator"": ""Study provider and economics team lead; archived 2023 report extract"", ""source_id"": ""source-37bce3b6c4db045b8539""}]}]","[{""checked_on"": ""2026-09-12"", ""locator"": ""Study provider and economics team lead; archived 2023 report extract"", ""source_id"": ""source-37bce3b6c4db045b8539""}]",0,0
firm-74,Reckon LLP,catalogue_scope_linked_to_registered_entity,registry_identity_reference_checked,recorded_company_number_source_linked,Catalogue scope associated with the cited registered entity; the catalogue name may abbreviate a legal or business name.,"Identity and scope reference only. This does not establish an entire group boundary, current operating status, ownership, founding date or workforce.","[{""company_number"": ""OC307897"", ""organisation_id"": ""legal-GB-OC307897"", ""register_jurisdiction"": ""GB"", ""registered_name"": null, ""relationship"": ""registered entity associated with this catalogue scope"", ""source_refs"": [{""checked_on"": ""2026-09-12"", ""locator"": ""Companies House overview: Registered office address block"", ""source_id"": ""source-555a07a734d070dc3f39""}]}]","[{""checked_on"": ""2026-09-12"", ""locator"": ""Companies House overview: Registered office address block"", ""source_id"": ""source-555a07a734d070dc3f39""}]",0,0
firm-56,SAMI Consulting Ltd,catalogue_scope_linked_to_registered_entity,registry_identity_reference_checked,recorded_company_number_source_linked,Catalogue scope associated with the cited registered entity; the catalogue name may abbreviate a legal or business name.,"Identity and scope reference only. This does not establish an entire group boundary, current operating status, ownership, founding date or workforce.","[{""company_number"": ""03756030"", ""organisation_id"": ""legal-GB-03756030"", ""register_jurisdiction"": ""GB"", ""registered_name"": null, ""relationship"": ""registered entity associated with this catalogue scope"", ""source_refs"": [{""checked_on"": ""2026-09-12"", ""locator"": ""Companies House overview: Registered office address block"", ""source_id"": ""source-9181caadaffe92f7d7b0""}]}]","[{""checked_on"": ""2026-09-12"", ""locator"": ""Companies House overview: Registered office address block"", ""source_id"": ""source-9181caadaffe92f7d7b0""}]",0,0
firm-30,SQW Ltd,catalogue_scope_linked_to_registered_entity,registry_identity_reference_checked,recorded_company_number_source_linked,Catalogue scope associated with the cited registered entity; the catalogue name may abbreviate a legal or business name.,"Identity and scope reference only. This does not establish an entire group boundary, current operating status, ownership, founding date or workforce.","[{""company_number"": ""01701564"", ""organisation_id"": ""legal-GB-01701564"", ""register_jurisdiction"": ""GB"", ""registered_name"": null, ""relationship"": ""registered entity associated with this catalogue scope"", ""source_refs"": [{""checked_on"": ""2026-09-12"", ""locator"": ""Companies House overview: Registered office address block"", ""source_id"": ""source-3280bbeaa131a8a727a8""}]}]","[{""checked_on"": ""2026-09-12"", ""locator"": ""Companies House overview: Registered office address block"", ""source_id"": ""source-3280bbeaa131a8a727a8""}]",4,4
firm-52,Saltmarsh Economics Ltd,catalogue_scope_linked_to_registered_entity,registry_identity_reference_checked,recorded_company_number_source_linked,Catalogue scope associated with the cited registered entity; the catalogue name may abbreviate a legal or business name.,"Identity and scope reference only. This does not establish an entire group boundary, current operating status, ownership, founding date or workforce.","[{""company_number"": ""13681146"", ""organisation_id"": ""legal-GB-13681146"", ""register_jurisdiction"": ""GB"", ""registered_name"": null, ""relationship"": ""registered entity associated with this catalogue scope"", ""source_refs"": [{""checked_on"": ""2026-09-12"", ""locator"": ""Visible DOM text, Registered office address block"", ""source_id"": ""source-35dc51980fd3d8be6f43""}]}]","[{""checked_on"": ""2026-09-12"", ""locator"": ""Visible DOM text, Registered office address block"", ""source_id"": ""source-35dc51980fd3d8be6f43""}]",0,0
firm-38,Secretariat International UK,catalogue_scope_linked_to_registered_entity,registry_identity_reference_checked,recorded_company_number_source_linked,Catalogue scope associated with the cited registered entity; the catalogue name may abbreviate a legal or business name.,"Identity and scope reference only. This does not establish an entire group boundary, current operating status, ownership, founding date or workforce.","[{""company_number"": ""09692990"", ""organisation_id"": ""legal-GB-09692990"", ""register_jurisdiction"": ""GB"", ""registered_name"": null, ""relationship"": ""registered entity associated with this catalogue scope"", ""source_refs"": [{""checked_on"": ""2026-09-12"", ""locator"": ""Registered office address block"", ""source_id"": ""source-59e6cd9cfe1f3f01b2f7""}]}]","[{""checked_on"": ""2026-09-12"", ""locator"": ""Registered office address block"", ""source_id"": ""source-59e6cd9cfe1f3f01b2f7""}]",4,4
firm-90,Simetrica-Jacobs Ltd,catalogue_scope_linked_to_registered_entity,registry_identity_reference_checked,recorded_company_number_source_linked,Catalogue scope associated with the cited registered entity; the catalogue name may abbreviate a legal or business name.,"Identity and scope reference only. This does not establish an entire group boundary, current operating status, ownership, founding date or workforce.","[{""company_number"": ""09035322"", ""organisation_id"": ""legal-GB-09035322"", ""register_jurisdiction"": ""GB"", ""registered_name"": null, ""relationship"": ""registered entity associated with this catalogue scope"", ""source_refs"": [{""checked_on"": ""2026-09-12"", ""locator"": ""Companies House overview: Registered office address block"", ""source_id"": ""source-c2e05036cf974393024e""}]}]","[{""checked_on"": ""2026-09-12"", ""locator"": ""Companies House overview: Registered office address block"", ""source_id"": ""source-c2e05036cf974393024e""}]",5,5
firm-83,Skylark Consulting Group,catalogue_scope_linked_to_registered_entity,registry_identity_reference_checked,recorded_company_number_source_linked,Catalogue scope associated with the cited registered entity; the catalogue name may abbreviate a legal or business name.,"Identity and scope reference only. This does not establish an entire group boundary, current operating status, ownership, founding date or workforce.","[{""company_number"": ""11372815"", ""organisation_id"": ""legal-GB-11372815"", ""register_jurisdiction"": ""GB"", ""registered_name"": null, ""relationship"": ""registered entity associated with this catalogue scope"", ""source_refs"": [{""checked_on"": ""2026-09-12"", ""locator"": ""Registered name and company number in archived capture"", ""source_id"": ""source-a24750455b5c43f97086""}]}]","[{""checked_on"": ""2026-09-12"", ""locator"": ""Registered name and company number in archived capture"", ""source_id"": ""source-a24750455b5c43f97086""}]",0,0
firm-31,Steer Davies & Gleave Ltd,catalogue_scope_linked_to_registered_entity,registry_identity_reference_checked,recorded_company_number_source_linked,Catalogue scope associated with the cited registered entity; the catalogue name may abbreviate a legal or business name.,"Identity and scope reference only. This does not establish an entire group boundary, current operating status, ownership, founding date or workforce.","[{""company_number"": ""01883830"", ""organisation_id"": ""legal-GB-01883830"", ""register_jurisdiction"": ""GB"", ""registered_name"": null, ""relationship"": ""registered entity associated with this catalogue scope"", ""source_refs"": [{""checked_on"": ""2026-09-12"", ""locator"": ""Registered office address block"", ""source_id"": ""source-84d36699610a39d9987e""}]}]","[{""checked_on"": ""2026-09-12"", ""locator"": ""Registered office address block"", ""source_id"": ""source-84d36699610a39d9987e""}]",4,4
firm-58,Stephen Wells Consulting,catalogue_scope_linked_to_registered_entity,registry_identity_reference_checked,recorded_company_number_source_linked,Catalogue scope associated with the cited registered entity; the catalogue name may abbreviate a legal or business name.,"Identity and scope reference only. This does not establish an entire group boundary, current operating status, ownership, founding date or workforce.","[{""company_number"": ""11641409"", ""organisation_id"": ""legal-GB-11641409"", ""register_jurisdiction"": ""GB"", ""registered_name"": null, ""relationship"": ""registered entity associated with this catalogue scope"", ""source_refs"": [{""checked_on"": ""2026-09-12"", ""locator"": ""Registered office address block"", ""source_id"": ""source-7a6f2b4d38d3b3861d6d""}]}]","[{""checked_on"": ""2026-09-12"", ""locator"": ""Registered office address block"", ""source_id"": ""source-7a6f2b4d38d3b3861d6d""}]",0,0
firm-91,The Economist Intelligence Unit Ltd,catalogue_scope_linked_to_registered_entity,registry_identity_reference_checked,recorded_company_number_source_linked,Catalogue scope associated with the cited registered entity; the catalogue name may abbreviate a legal or business name.,"Identity and scope reference only. This does not establish an entire group boundary, current operating status, ownership, founding date or workforce.","[{""company_number"": ""01762617"", ""organisation_id"": ""legal-GB-01762617"", ""register_jurisdiction"": ""GB"", ""registered_name"": null, ""relationship"": ""registered entity associated with this catalogue scope"", ""source_refs"": [{""checked_on"": ""2026-09-12"", ""locator"": ""Registered office address block"", ""source_id"": ""source-c138b1bd77c067f254d4""}]}]","[{""checked_on"": ""2026-09-12"", ""locator"": ""Registered office address block"", ""source_id"": ""source-c138b1bd77c067f254d4""}]",4,4
firm-92,Vivid Economics Ltd,catalogue_scope_linked_to_registered_entity,registry_identity_reference_checked,recorded_company_number_source_linked,Catalogue scope associated with the cited registered entity; the catalogue name may abbreviate a legal or business name.,"Identity and scope reference only. This does not establish an entire group boundary, current operating status, ownership, founding date or workforce.","[{""company_number"": ""05840846"", ""organisation_id"": ""legal-GB-05840846"", ""register_jurisdiction"": ""GB"", ""registered_name"": null, ""relationship"": ""registered entity associated with this catalogue scope"", ""source_refs"": [{""checked_on"": ""2026-09-12"", ""locator"": ""Registered office address block"", ""source_id"": ""source-9efe565df1bf92e638fa""}]}]","[{""checked_on"": ""2026-09-12"", ""locator"": ""Registered office address block"", ""source_id"": ""source-9efe565df1bf92e638fa""}]",0,0
firm-23,Volterra Partners LLP,catalogue_scope_linked_to_registered_entity,registry_identity_reference_checked,recorded_company_number_source_linked,Catalogue scope associated with the cited registered entity; the catalogue name may abbreviate a legal or business name.,"Identity and scope reference only. This does not establish an entire group boundary, current operating status, ownership, founding date or workforce.","[{""company_number"": ""OC361729"", ""organisation_id"": ""legal-GB-OC361729"", ""register_jurisdiction"": ""GB"", ""registered_name"": null, ""relationship"": ""registered entity associated with this catalogue scope"", ""source_refs"": [{""checked_on"": ""2026-09-12"", ""locator"": ""Registered office address block"", ""source_id"": ""source-4aec3103e5537679c8d7""}]}]","[{""checked_on"": ""2026-09-12"", ""locator"": ""Registered office address block"", ""source_id"": ""source-4aec3103e5537679c8d7""}]",0,0
firm-24,WPI Economics Ltd,catalogue_scope_linked_to_registered_entity,registry_identity_reference_checked,recorded_company_number_source_linked,Catalogue scope associated with the cited registered entity; the catalogue name may abbreviate a legal or business name.,"Identity and scope reference only. This does not establish an entire group boundary, current operating status, ownership, founding date or workforce.","[{""company_number"": ""10086986"", ""organisation_id"": ""legal-GB-10086986"", ""register_jurisdiction"": ""GB"", ""registered_name"": null, ""relationship"": ""registered entity associated with this catalogue scope"", ""source_refs"": [{""checked_on"": ""2026-09-12"", ""locator"": ""Registered office address block"", ""source_id"": ""source-68806a4d61b02d2c180b""}]}]","[{""checked_on"": ""2026-09-12"", ""locator"": ""Registered office address block"", ""source_id"": ""source-68806a4d61b02d2c180b""}]",0,0
firm-49,Warwick Economics & Development,catalogue_scope_linked_to_registered_entity,registry_identity_reference_checked,recorded_company_number_source_linked,Catalogue scope associated with the cited registered entity; the catalogue name may abbreviate a legal or business name.,"Identity and scope reference only. This does not establish an entire group boundary, current operating status, ownership, founding date or workforce.","[{""company_number"": ""07531279"", ""organisation_id"": ""legal-GB-07531279"", ""register_jurisdiction"": ""GB"", ""registered_name"": null, ""relationship"": ""registered entity associated with this catalogue scope"", ""source_refs"": [{""checked_on"": ""2026-09-12"", ""locator"": ""Registered office address block"", ""source_id"": ""source-b7e92736b6c9a7ed92b1""}]}]","[{""checked_on"": ""2026-09-12"", ""locator"": ""Registered office address block"", ""source_id"": ""source-b7e92736b6c9a7ed92b1""}]",0,0
firm-55,Westbourne Research Services,catalogue_scope_linked_to_registered_entity,registry_identity_reference_checked,recorded_company_number_source_linked,Catalogue scope associated with the cited registered entity; the catalogue name may abbreviate a legal or business name.,"Identity and scope reference only. This does not establish an entire group boundary, current operating status, ownership, founding date or workforce.","[{""company_number"": ""09325127"", ""organisation_id"": ""legal-GB-09325127"", ""register_jurisdiction"": ""GB"", ""registered_name"": null, ""relationship"": ""registered entity associated with this catalogue scope"", ""source_refs"": [{""checked_on"": ""2026-09-12"", ""locator"": ""Registered office address block"", ""source_id"": ""source-51bb6edaeaaf282caca7""}]}]","[{""checked_on"": ""2026-09-12"", ""locator"": ""Registered office address block"", ""source_id"": ""source-51bb6edaeaaf282caca7""}]",0,0
firm-81,York Aviation LLP,catalogue_scope_linked_to_registered_entity,registry_identity_reference_checked,recorded_company_number_source_linked,Catalogue scope associated with the cited registered entity; the catalogue name may abbreviate a legal or business name.,"Identity and scope reference only. This does not establish an entire group boundary, current operating status, ownership, founding date or workforce.","[{""company_number"": ""OC307526"", ""organisation_id"": ""legal-GB-OC307526"", ""register_jurisdiction"": ""GB"", ""registered_name"": null, ""relationship"": ""registered entity associated with this catalogue scope"", ""source_refs"": [{""checked_on"": ""2026-09-12"", ""locator"": ""Registered office address block"", ""source_id"": ""source-6ffb164ac3d278cedd23""}]}]","[{""checked_on"": ""2026-09-12"", ""locator"": ""Registered office address block"", ""source_id"": ""source-6ffb164ac3d278cedd23""}]",0,0
firm-39,eftec,catalogue_scope_linked_to_registered_entity,registry_identity_reference_checked,recorded_company_number_source_linked,Catalogue scope associated with the cited registered entity; the catalogue name may abbreviate a legal or business name.,"Identity and scope reference only. This does not establish an entire group boundary, current operating status, ownership, founding date or workforce.","[{""company_number"": ""02917907"", ""organisation_id"": ""legal-GB-02917907"", ""register_jurisdiction"": ""GB"", ""registered_name"": null, ""relationship"": ""registered entity associated with this catalogue scope"", ""source_refs"": [{""checked_on"": ""2026-09-12"", ""locator"": ""Registered office address block"", ""source_id"": ""source-528dabdb1201f843a9ca""}]}]","[{""checked_on"": ""2026-09-12"", ""locator"": ""Registered office address block"", ""source_id"": ""source-528dabdb1201f843a9ca""}]",0,0
