id,firm_id,legal_entity_id,organisation_name,address,observed_on,effective_from,legal_status,legal_status_observed_on,dissolved_on,included_in_latest_reader_selection,address_type,limit,source_refs
address-e6e671653e7584093499,,legal-GB-02728021,RAND Europe CIC,"Eastbrook, Shaftesbury Road, Cambridge, United Kingdom, CB2 8BF",2026-09-12,,Active,2026-09-12,,True,registered_office,Dated registered office; not necessarily a working office or headquarters.,"[{""checked_on"": ""2026-09-12"", ""locator"": ""Companies House overview: Registered office address block"", ""source_id"": ""source-45e37be676a56fdcc1d5""}]"
address-186296d004980461ca51,firm-1,legal-GB-OC315356,RBB Economics LLP,"199 Bishopsgate, London, EC2M 3TY",2026-09-12,,Active,2026-09-12,,True,registered_office,Dated registered office; not necessarily a working office or headquarters.,"[{""checked_on"": ""2026-09-12"", ""locator"": ""Companies House overview: Registered office address block"", ""source_id"": ""source-5be7978b14dab0d662f5""}]"
address-6ec65733a164d942c0c1,firm-10,legal-GB-OC360308,AlixPartners UK LLP,"6 New Street Square, London, England, EC4A 3BF",2026-07-31,,,,,False,registered_office,Dated registered office; not necessarily a working office or headquarters.,"[{""checked_on"": ""2026-09-12"", ""locator"": ""Registered office address block"", ""source_id"": ""source-c201465043b8f1e3e528""}]"
address-2817212d34ccfed36f85,firm-10,legal-GB-OC360308,AlixPartners UK LLP,"One Millennium Bridge, 1 High Timber Street, London, England, EC4V 3HT",2026-09-12,2026-09-07,,,,True,registered_office,Dated registered office; not necessarily a working office or headquarters.,"[{""checked_on"": ""2026-09-12"", ""locator"": ""Two LLAD01 rows dated 7 September 2026: New Street Square to One Millennium Bridge, then addition of street number 1"", ""source_id"": ""source-e2572c3fb8f49eec3305""}]"
address-97eb641f0af8befdb8ee,firm-11,legal-GB-OC372614,FTI Consulting LLP,"200 Aldersgate Aldersgate Street, London, EC1A 4HD",2026-07-31,,,,,True,registered_office,Dated registered office; not necessarily a working office or headquarters.,"[{""checked_on"": ""2026-09-12"", ""locator"": ""Registered office address block"", ""source_id"": ""source-0ca79db229eff8f83513""}]"
address-3239d5c9979b000c5d61,firm-12,legal-GB-OC303471,Baringa Partners LLP,"62 Buckingham Gate, London, England, SW1E 6AJ",2026-07-31,,,,,True,registered_office,Dated registered office; not necessarily a working office or headquarters.,"[{""checked_on"": ""2026-09-12"", ""locator"": ""Registered office address block"", ""source_id"": ""source-6f9772fc051abe25e854""}]"
address-92137c6d51794738aee0,firm-13,legal-GB-OC330414,A&M Europe LLP,"30 Old Bailey, London, United Kingdom, EC4M 7AU",2026-07-31,,,,,True,registered_office,Dated registered office; not necessarily a working office or headquarters.,"[{""checked_on"": ""2026-09-12"", ""locator"": ""Registered office address block"", ""source_id"": ""source-91842afcad8536a61853""}]"
address-1df92a1c6d1c9ee23f5a,firm-14,legal-GB-OC332081,A&M Tax LLP,"30 Old Bailey, London, United Kingdom, EC4M 7AU",2026-07-31,,,,,True,registered_office,Dated registered office; not necessarily a working office or headquarters.,"[{""checked_on"": ""2026-09-12"", ""locator"": ""Registered office address block"", ""source_id"": ""source-2101488049b76ab02faa""}]"
address-f36bff1e1344bfa355ab,firm-15,legal-GB-OC331411,A&M Disputes & Investigations LLP,"30 Old Bailey, London, United Kingdom, EC4M 7AU",2026-07-31,,,,,True,registered_office,Dated registered office; not necessarily a working office or headquarters.,"[{""checked_on"": ""2026-09-12"", ""locator"": ""Registered office address block"", ""source_id"": ""source-ad84900d26fdca58b0bd""}]"
address-f70945696952cd7f9e25,firm-16,legal-GB-01916825,Cambridge Econometrics Ltd,"19a Covent Garden, Cambridge, Cambridgeshire, CB1 2HT",2026-07-31,,,,,True,registered_office,Dated registered office; not necessarily a working office or headquarters.,"[{""checked_on"": ""2026-09-12"", ""locator"": ""Registered office address block"", ""source_id"": ""source-eca4c14a83abed473c64""}]"
address-a124fc785bdf8a88bd8e,firm-17,legal-GB-01557776,Oxford Economics Ltd,"60 St. Aldates, Oxford, Oxfordshire, England, OX1 1ST",2026-07-31,,,,,True,registered_office,Dated registered office; not necessarily a working office or headquarters.,"[{""checked_on"": ""2026-09-12"", ""locator"": ""Registered office address block"", ""source_id"": ""source-99a7384290a78c0bcf6a""}]"
address-72b43a4a9fb4aa133570,firm-18,legal-GB-02484735,Capital Economics Ltd,"100 Victoria Street, London, England, SW1E 5JL",2026-07-31,,,,,True,registered_office,Dated registered office; not necessarily a working office or headquarters.,"[{""checked_on"": ""2026-09-12"", ""locator"": ""Registered office address block"", ""source_id"": ""source-3b1bf26e6010afc4b4ee""}]"
address-6554181b117d94699e7d,firm-19,legal-GB-04083204,London Economics Ltd,"Somerset House, New Wing, Strand, London, WC2R 1LA",2026-09-12,,Active,2026-09-12,,True,registered_office,Dated registered office; not necessarily a working office or headquarters.,"[{""checked_on"": ""2026-09-12"", ""locator"": ""Companies House overview: Registered office address block"", ""source_id"": ""source-30d117e3f02833a1c2ea""}]"
address-8ed54e0732931d910238,firm-2,legal-GB-03752719,Frontier Economics Ltd,"Worship Square, 65 Clifton Street, London, England, EC2A 4JE",2026-09-12,,Active,2026-09-12,,True,registered_office,Dated registered office; not necessarily a working office or headquarters.,"[{""checked_on"": ""2026-09-12"", ""locator"": ""Companies House overview: Registered office address block"", ""source_id"": ""source-a81e214cb91197a40c39""}]"
address-8df6272992a0807717bb,firm-20,legal-GB-09391354,Alma Economics Ltd,"41a Maltby Street, London, England, SE1 3PA",2026-07-31,,,,,True,registered_office,Dated registered office; not necessarily a working office or headquarters.,"[{""checked_on"": ""2026-09-12"", ""locator"": ""Registered office address block"", ""source_id"": ""source-e16340332018a9feff0c""}]"
address-75f0ab2f2d6370c263dc,firm-21,legal-GB-02592404,Cebr,"Unit 1, 4 Bath Street, London, Bath Street, London, England, EC1V 9DX",2026-07-31,,,,,True,registered_office,Dated registered office; not necessarily a working office or headquarters.,"[{""checked_on"": ""2026-09-12"", ""locator"": ""Registered office address block"", ""source_id"": ""source-46d68977124991e61e8c""}]"
address-9ab362e56cd8671391bb,firm-22,legal-GB-07608279,Economic Insight Ltd,"1-3 Frederick's Place, London, United Kingdom, EC2R 8AE",2026-09-12,2026-06-01,Active,2026-09-12,,True,registered_office,Dated registered office; not necessarily a working office or headquarters.,"[{""checked_on"": ""2026-09-12"", ""locator"": ""Companies House overview: Registered office address block"", ""source_id"": ""source-c9120b41ab20e471bc39""}]"
address-7c6aff119c655a308022,firm-23,legal-GB-OC361729,Volterra Partners LLP,"Unit 2.02 91-94 Lower Marsh, London, England, SE1 7AB",2026-07-31,,,,,True,registered_office,Dated registered office; not necessarily a working office or headquarters.,"[{""checked_on"": ""2026-09-12"", ""locator"": ""Registered office address block"", ""source_id"": ""source-4aec3103e5537679c8d7""}]"
address-cbdd5bd9cff4ee616760,firm-24,legal-GB-10086986,WPI Economics Ltd,"C/O Parker Cavendish, Suite 301, Stanmore Business And Innovation Centre, Howard Road, Stanmore, England, HA7 1FW",2026-07-31,,,,,True,registered_office,Dated registered office; not necessarily a working office or headquarters.,"[{""checked_on"": ""2026-09-12"", ""locator"": ""Registered office address block"", ""source_id"": ""source-68806a4d61b02d2c180b""}]"
address-0d01dd8ca54fbf498782,firm-25,legal-GB-04942817,Fathom Financial Consulting,"47 Bevenden Street, London, England, N1 6BH",2026-07-31,,,,,True,registered_office,Dated registered office; not necessarily a working office or headquarters.,"[{""checked_on"": ""2026-09-12"", ""locator"": ""Registered office address block"", ""source_id"": ""source-17354e1c076ef9cc7bd2""}]"
address-a9fe14ee3b4c2e371fc9,firm-26,legal-GB-07884615,Connected Economics Ltd,"Well Barn, Tutwell, Callington, Cornwall, England, PL17 8LU",2026-09-12,,Active,2026-09-12,,True,registered_office,Dated registered office; not necessarily a working office or headquarters.,"[{""checked_on"": ""2026-09-12"", ""locator"": ""Visible DOM text, Registered office address block"", ""source_id"": ""source-1e1f83e62430e80e0bbf""}]"
address-d28374d2c35770db4509,firm-27,legal-GB-SC253093,BiGGAR Economics Ltd,"67 Shandwick Place, Shandwick House (2f1), Edinburgh, Scotland, EH2 4SD",2026-07-31,,,,,True,registered_office,Dated registered office; not necessarily a working office or headquarters.,"[{""checked_on"": ""2026-09-12"", ""locator"": ""Registered office address block"", ""source_id"": ""source-26e5372ebb6875c4e6d8""}]"
address-498d185aa994010befb9,firm-28,legal-GB-OC377350,Plum Consulting London LLP,"8 Blackstock Mews, London, England, N4 2BT",2026-09-12,,Active,2026-09-12,,True,registered_office,Dated registered office; not necessarily a working office or headquarters.,"[{""checked_on"": ""2026-09-12"", ""locator"": ""Companies House overview: Registered office address block"", ""source_id"": ""source-01a1664171f8b4d3ce6a""}]"
address-8be45830f0ab54918a33,firm-29,legal-GB-12403422,Pragmatix Advisory Ltd,"146 New London Road, Chelmsford, Essex, England, CM2 0AW",2026-09-12,,Active,2026-09-12,,True,registered_office,Dated registered office; not necessarily a working office or headquarters.,"[{""checked_on"": ""2026-09-12"", ""locator"": ""Companies House overview: Registered office address block"", ""source_id"": ""source-ceddf37d4a48d217b099""}]"
address-6ac21b904d99c64da11a,firm-3,legal-GB-OC392464,Oxera Consulting LLP,"Park Central, 40/41 Park End Street, Oxford, Oxfordshire, OX1 1JD",2026-07-31,,,,,True,registered_office,Dated registered office; not necessarily a working office or headquarters.,"[{""checked_on"": ""2026-09-12"", ""locator"": ""Registered office address block"", ""source_id"": ""source-e9dec95eb84e4ddffe31""}]"
address-485a177933155400e7a9,firm-30,legal-GB-01701564,SQW Ltd,"Oxford Centre For Innovation Blue Boar Court, 9 Alfred Street, Oxford, United Kingdom, OX1 4EH",2026-09-12,,Active,2026-09-12,,True,registered_office,Dated registered office; not necessarily a working office or headquarters.,"[{""checked_on"": ""2026-09-12"", ""locator"": ""Companies House overview: Registered office address block"", ""source_id"": ""source-3280bbeaa131a8a727a8""}]"
address-d01546f736ee17bbb3f4,firm-31,legal-GB-01883830,Steer Davies & Gleave Ltd,"14-21 Rushworth Street, London, United Kingdom, SE1 0RB",2026-07-31,,,,,True,registered_office,Dated registered office; not necessarily a working office or headquarters.,"[{""checked_on"": ""2026-09-12"", ""locator"": ""Registered office address block"", ""source_id"": ""source-84d36699610a39d9987e""}]"
address-445d16114202d53c2b76,firm-32,legal-GB-01650169,Ecorys UK Ltd,"6th Floor, Queen Elizabeth House, 4 St. Dunstan's Hill, London, England, EC3R 8AD",2026-07-31,,,,,True,registered_office,Dated registered office; not necessarily a working office or headquarters.,"[{""checked_on"": ""2026-09-12"", ""locator"": ""Registered office address block"", ""source_id"": ""source-de96439d38098efe0fc6""}]"
address-086b3e6fe175f41a1edb,firm-33,legal-GB-03362992,Economic Consulting Associates,"41 Lonsdale Road, London, NW6 6RA",2026-09-12,,Active,2026-09-12,,True,registered_office,Dated registered office; not necessarily a working office or headquarters.,"[{""checked_on"": ""2026-09-12"", ""locator"": ""Companies House overview: Registered office address block"", ""source_id"": ""source-b4623cded6b96bbd75b1""}]"
address-35b981303d7441619ad5,firm-34,legal-GB-10785846,LIVE Economics Ltd,"30 Longcroft Avenue, Banstead, England, SM7 3AE",2026-09-12,,Active,2026-09-12,,True,registered_office,Dated registered office; not necessarily a working office or headquarters.,"[{""checked_on"": ""2026-09-12"", ""locator"": ""Visible DOM text, Registered office address block"", ""source_id"": ""source-510c88eb88a5f9e156ad""}]"
address-f498c1565961c974d484,firm-35,legal-GB-OC385173,Macro Advisory Partners LLP,"4 Albemarle Street, London, England, W1S 4GA",2026-07-31,,,,,True,registered_office,Dated registered office; not necessarily a working office or headquarters.,"[{""checked_on"": ""2026-09-12"", ""locator"": ""Registered office address block"", ""source_id"": ""source-91e4cbf811d83ccf1e34""}]"
address-2fad602fbd8e084a9a17,firm-36,legal-GB-OC342697,Independent Economics LLP,"15 Whitehall, London, United Kingdom, SW1A 2DD",2026-07-31,,,,,True,registered_office,Dated registered office; not necessarily a working office or headquarters.,"[{""checked_on"": ""2026-09-12"", ""locator"": ""Registered office address block"", ""source_id"": ""source-28054c25543507422f4b""}]"
address-982d640b1324e7d40b69,firm-37,legal-GB-08371505,Fingleton Ltd,"843 Finchley Road, London, NW11 8NA",2026-09-12,,Active,2026-09-12,,True,registered_office,Dated registered office; not necessarily a working office or headquarters.,"[{""checked_on"": ""2026-09-12"", ""locator"": ""Companies House overview: Registered office address block"", ""source_id"": ""source-ca1163ffa4132e6feecb""}]"
address-ed152572fa3f10fcb14e,firm-38,legal-GB-09692990,Secretariat International UK,"22 Bishopsgate, 22nd Floor, London, England, EC2N 4BQ",2026-07-31,,,,,True,registered_office,Dated registered office; not necessarily a working office or headquarters.,"[{""checked_on"": ""2026-09-12"", ""locator"": ""Registered office address block"", ""source_id"": ""source-59e6cd9cfe1f3f01b2f7""}]"
address-7467558826ce1f987eda,firm-39,legal-GB-02917907,eftec,"10f Printing House Yard, Hackney Road, London, England, E2 7PR",2026-07-31,,,,,True,registered_office,Dated registered office; not necessarily a working office or headquarters.,"[{""checked_on"": ""2026-09-12"", ""locator"": ""Registered office address block"", ""source_id"": ""source-528dabdb1201f843a9ca""}]"
address-a5d5bdb11dd0f3055a06,firm-4,legal-GB-04007726,CRA International UK,"8 Finsbury Circus, London, United Kingdom, EC2M 7EA",2026-09-12,,Active,2026-09-12,,True,registered_office,Dated registered office; not necessarily a working office or headquarters.,"[{""checked_on"": ""2026-09-12"", ""locator"": ""Companies House overview: Registered office address block"", ""source_id"": ""source-01f45057e76fd43dd4be""}]"
address-29aee97c6a1e9fccc695,firm-41,legal-GB-08331277,Belmana Consultancy,"39-41 North Road, London, N7 9DP",2026-09-12,,Active,2026-09-12,,True,registered_office,Dated registered office; not necessarily a working office or headquarters.,"[{""checked_on"": ""2026-09-12"", ""locator"": ""Companies House overview: Registered office address block"", ""source_id"": ""source-3f523e816681e00a9988""}]"
address-c2722615dc22958debed,firm-42,legal-GB-05000218,Longview Economics Ltd,"8-10 South Street, Epsom, Surrey, KT18 7PF",2026-07-31,,,,,True,registered_office,Dated registered office; not necessarily a working office or headquarters.,"[{""checked_on"": ""2026-09-12"", ""locator"": ""Registered office address block"", ""source_id"": ""source-afabf4b9a913bc0097d8""}]"
address-186de3f45d76c99cc9ff,firm-43,legal-GB-07076751,Pantheon Macroeconomics Ltd,"5th Floor Cathedral Buildings, Dean Street, Newcastle Upon Tyne, Tyne And Wear, England, NE1 1PG",2026-07-31,,,,,True,registered_office,Dated registered office; not necessarily a working office or headquarters.,"[{""checked_on"": ""2026-09-12"", ""locator"": ""Registered office address block"", ""source_id"": ""source-bfe918e7050c0ffce963""}]"
address-236ba19ecda0834966a8,firm-44,legal-GB-09404977,Lorenzo Codogno Macro Advisors,"Chevender Cottage Prince Imperial Road, Chislehurst, Kent, United Kingdom, BR7 5LX",2026-07-31,,,,,True,registered_office,Dated registered office; not necessarily a working office or headquarters.,"[{""checked_on"": ""2026-09-12"", ""locator"": ""Registered office address block"", ""source_id"": ""source-d3ec04940b02416df16d""}]"
address-2f57f1ae337ab8151ed9,firm-45,legal-GB-12003121,Macro Hive Ltd,"5 Churchill Place, Canary Wharf, London, England, E14 5RD",2026-07-31,,,,,True,registered_office,Dated registered office; not necessarily a working office or headquarters.,"[{""checked_on"": ""2026-09-12"", ""locator"": ""Registered office address block"", ""source_id"": ""source-313ea253fc6eac740f72""}]"
address-3cf35c756345454c513c,firm-46,legal-GB-02711701,Continuum Economics (4Cast),"1 Harrington Gardens, London, England, SW7 4JJ",2026-07-31,,,,,True,registered_office,Dated registered office; not necessarily a working office or headquarters.,"[{""checked_on"": ""2026-09-12"", ""locator"": ""Registered office address block"", ""source_id"": ""source-67a94767c0d5d95debca""}]"
address-23bf8a7b2cd0b2ca73b9,firm-47,legal-GB-10373577,Calverley Economic Advisors,"1 Providence Avenue, Rochester, England, ME1 1NF",2026-07-31,,,,,True,registered_office,Dated registered office; not necessarily a working office or headquarters.,"[{""checked_on"": ""2026-09-12"", ""locator"": ""Registered office address block"", ""source_id"": ""source-f2547a161d74d4335f9d""}]"
address-f4c107883c7ff943e2a7,firm-48,legal-GB-03157633,Economic Perspectives Ltd,"85 Great Portland Street, London, England, W1W 7LT",2026-07-31,,,,,True,registered_office,Dated registered office; not necessarily a working office or headquarters.,"[{""checked_on"": ""2026-09-12"", ""locator"": ""Registered office address block"", ""source_id"": ""source-74d735d2c3439bd4907f""}]"
address-1a3acc08a7d8c21a6f47,firm-49,legal-GB-07531279,Warwick Economics & Development,"Grosvenor House, 11 St Pauls Square, Birmingham, England, B3 1RB",2026-07-31,,,,,True,registered_office,Dated registered office; not necessarily a working office or headquarters.,"[{""checked_on"": ""2026-09-12"", ""locator"": ""Registered office address block"", ""source_id"": ""source-b7e92736b6c9a7ed92b1""}]"
address-d578c3ca0ed8eefaf1a3,firm-5,legal-GB-03974527,NERA UK Limited,"The St Botolph Building, 138 Houndsditch, London, United Kingdom, EC3A 7DH",2026-09-12,2026-04-17,Active,2026-09-12,,True,registered_office,Dated registered office; not necessarily a working office or headquarters.,"[{""checked_on"": ""2026-09-12"", ""locator"": ""Companies House overview: Registered office address block"", ""source_id"": ""source-e8a90028d46a68b27194""}]"
address-8df651bab5953ad5644a,firm-50,legal-GB-10149826,Public First Ltd,"Fourth Floor, 40 Villiers Street, London, United Kingdom, WC2N 6NJ",2026-09-12,,Active,2026-09-12,,True,registered_office,Dated registered office; not necessarily a working office or headquarters.,"[{""checked_on"": ""2026-09-12"", ""locator"": ""Companies House overview: Registered office address block"", ""source_id"": ""source-e94890c0366574379248""}]"
address-26c03a08afbd75c1514f,firm-51,legal-GB-08035566,Head and Heart Economics Ltd,"31 Chippenham Road, London, England, W9 2AH",2026-09-12,,Active,2026-09-12,,True,registered_office,Dated registered office; not necessarily a working office or headquarters.,"[{""checked_on"": ""2026-09-12"", ""locator"": ""AX definition list, registered office address; elements 31–33"", ""source_id"": ""source-04efc329fb5e45d73203""}]"
address-46d943e059a57310e08d,firm-52,legal-GB-13681146,Saltmarsh Economics Ltd,"20 Kings Lynn Road, Hunstanton, Norfolk, England, PE36 5HP",2026-09-12,,Active,2026-09-12,,True,registered_office,Dated registered office; not necessarily a working office or headquarters.,"[{""checked_on"": ""2026-09-12"", ""locator"": ""Visible DOM text, Registered office address block"", ""source_id"": ""source-35dc51980fd3d8be6f43""}]"
address-ab8651896783ee073262,firm-53,legal-GB-09325261,Derrick Jones Economics Ltd,"9 Cheam Road, Epsom, England, KT17 1SP",2026-07-31,,,,,True,registered_office,Dated registered office; not necessarily a working office or headquarters.,"[{""checked_on"": ""2026-09-12"", ""locator"": ""Registered office address block"", ""source_id"": ""source-533a0143cdf02762e980""}]"
address-e1115e57ad3b9dfecd0c,firm-54,legal-GB-08719788,Analytically Driven Ltd,"Great Love Farm, Love Lane, Headcorn, Kent, TN27 9HL",2026-07-31,,,,,True,registered_office,Dated registered office; not necessarily a working office or headquarters.,"[{""checked_on"": ""2026-09-12"", ""locator"": ""Registered office address block"", ""source_id"": ""source-f0497b6307626e366217""}]"
address-489c4af29f09a9b9a6ed,firm-55,legal-GB-09325127,Westbourne Research Services,"2nd Floor 279 Westbourne Park Road, London, United Kingdom, W11 1EE",2026-07-31,,,,,True,registered_office,Dated registered office; not necessarily a working office or headquarters.,"[{""checked_on"": ""2026-09-12"", ""locator"": ""Registered office address block"", ""source_id"": ""source-51bb6edaeaaf282caca7""}]"
address-0c0d464424216c459aeb,firm-56,legal-GB-03756030,SAMI Consulting Ltd,"2 Toomers Wharf, Canal Walk, Newbury, Berkshire, England, RG14 1DY",2026-09-12,,Active,2026-09-12,,True,registered_office,Dated registered office; not necessarily a working office or headquarters.,"[{""checked_on"": ""2026-09-12"", ""locator"": ""Companies House overview: Registered office address block"", ""source_id"": ""source-9181caadaffe92f7d7b0""}]"
address-1fb01ccf8dddd6f247e8,firm-58,legal-GB-11641409,Stephen Wells Consulting,"Broom House, 39/43 London Road, Hadleigh, Benfleet, England, SS7 2QL",2026-07-31,,,,,True,registered_office,Dated registered office; not necessarily a working office or headquarters.,"[{""checked_on"": ""2026-09-12"", ""locator"": ""Registered office address block"", ""source_id"": ""source-7a6f2b4d38d3b3861d6d""}]"
address-443a9b57a48166257f4b,firm-59,legal-GB-11545550,Econance Ltd,"26 Hampstead Drive, Whitefield, Manchester, United Kingdom, M45 7YA",2026-07-31,,,,,True,registered_office,Dated registered office; not necessarily a working office or headquarters.,"[{""checked_on"": ""2026-09-12"", ""locator"": ""Registered office address block"", ""source_id"": ""source-b1206c004734c4afd968""}]"
address-7b462338e4e52b709c12,firm-6,legal-GB-03378171,Brattle Group Ltd,"9th Floor, 100 Wood Street, London, United Kingdom, EC2V 7AN",2026-07-31,,,,,True,registered_office,Dated registered office; not necessarily a working office or headquarters.,"[{""checked_on"": ""2026-09-12"", ""locator"": ""Registered office address block"", ""source_id"": ""source-d38fb39b824cb9c5a286""}]"
address-29180bc528d5c7310ff3,firm-60,legal-GB-16147541,Econic Partners (UK),"Bloomsbury House, 74-77 Great Russell Street, London, WC1B 3DA",2026-07-31,,,,,True,registered_office,Dated registered office; not necessarily a working office or headquarters.,"[{""checked_on"": ""2026-09-12"", ""locator"": ""Registered office address block"", ""source_id"": ""source-a5f9c4c30ae7de76177d""}]"
address-18c12968a34c890cd6ff,firm-61,legal-GB-OC344021,Fideres Partners LLP,"Maya House, 134-138 Borough High Street, London, England, SE1 1LB",2026-07-31,,,,,True,registered_office,Dated registered office; not necessarily a working office or headquarters.,"[{""checked_on"": ""2026-09-12"", ""locator"": ""Registered office address block"", ""source_id"": ""source-5b151cce6cb9870eeab9""}]"
address-dc1d412ac8ab4d356416,firm-62,legal-GB-03783016,DotEcon Ltd,"27-31 Clerkenwell Close 1.01 Clerkenwell Workshops, London, England, EC1R 0AT",2026-09-12,,Active,2026-09-12,,True,registered_office,Dated registered office; not necessarily a working office or headquarters.,"[{""checked_on"": ""2026-09-12"", ""locator"": ""Companies House overview: Registered office address block"", ""source_id"": ""source-3e79bbeab331683a2b7b""}]"
address-89ab87b47970284a4535,firm-64,legal-GB-01196703,Oxford Analytica Ltd,"The News Building 7th Floor, 1 London Bridge Street, London, England, SE1 9GF",2026-07-31,,,,,True,registered_office,Dated registered office; not necessarily a working office or headquarters.,"[{""checked_on"": ""2026-09-12"", ""locator"": ""Registered office address block"", ""source_id"": ""source-4cf1910ec79b77f8d3e0""}]"
address-8a9e6b83e5c557c753ce,firm-7,legal-GB-07245710,BRG UK Ltd,"8 Salisbury Square, London, United Kingdom, EC4Y 8BB",2026-07-31,,,,,True,registered_office,Dated registered office; not necessarily a working office or headquarters.,"[{""checked_on"": ""2026-09-12"", ""locator"": ""Registered office address block"", ""source_id"": ""source-e53a126150bea6de7cc0""}]"
address-920c9db29d6e7481d81a,firm-74,legal-GB-OC307897,Reckon LLP,"163 Herne Hill, London, England, SE24 9LR",2026-09-12,,Active,2026-09-12,,True,registered_office,Dated registered office; not necessarily a working office or headquarters.,"[{""checked_on"": ""2026-09-12"", ""locator"": ""Companies House overview: Registered office address block"", ""source_id"": ""source-555a07a734d070dc3f39""}]"
address-d83e02cfd58b79c41cba,firm-75,legal-GB-10883299,MCC Economics Ltd,"128 City Road, London, United Kingdom, EC1V 2NX",2026-09-12,,Active,2026-09-12,,True,registered_office,Dated registered office; not necessarily a working office or headquarters.,"[{""checked_on"": ""2026-09-12"", ""locator"": ""Companies House overview: Registered office address block"", ""source_id"": ""source-0626f4252fbd36d892a6""}]"
address-b34103bbc241e09689c0,firm-76,legal-GB-04077684,CEPA,"Queens House, 55-56 Lincolns Inn Fields, London, WC2A 3LJ",2026-09-12,,Active,2026-09-12,,True,registered_office,Dated registered office; not necessarily a working office or headquarters.,"[{""checked_on"": ""2026-09-12"", ""locator"": ""Companies House overview: Registered office address block"", ""source_id"": ""source-8ef7394984373701af3e""}]"
address-96b88895adf594c9a4e8,firm-77,legal-GB-02474302,Indepen Consulting Ltd (dissolved),"93 Queen Street, Sheffield, S1 1WF",2026-09-12,,Dissolved,2026-09-12,2011-12-12,True,registered_office,Historical record: the company dissolved on 12 December 2011. The cited 2011 Gazette notice identifies this address as the joint liquidators’ premises; it is not an active consultancy workplace.,"[{""checked_on"": ""2026-09-12"", ""locator"": ""AX registered office elements 32–34; status 36–38; dissolution 40–42"", ""source_id"": ""source-225c02852555286ca0ff""}, {""checked_on"": ""2026-09-12"", ""locator"": ""INDEPEN CONSULTING LIMITED (02474302), notice dated 26 July 2011"", ""source_id"": ""source-217322c98a451afdcdf9""}]"
address-c83a00b9d14342c1720b,firm-78,legal-GB-SC229257,EKOS Consulting (UK) Ltd,"Fourth Floor, 137 Sauchiehall Street, Glasgow, G2 3EW",2026-07-31,,,,,True,registered_office,Dated registered office; not necessarily a working office or headquarters.,"[{""checked_on"": ""2026-09-12"", ""locator"": ""Registered office address block"", ""source_id"": ""source-bcc2188e897b843e5f8c""}]"
address-900cd87e6d60a46e8be0,firm-79,legal-GB-03909897,AMION Consulting Ltd,"C/O Langtons 11th Floor, The Plaza 100 Old Hall Street, Liverpool, Merseyside, L3 9QJ",2026-07-31,,,,,True,registered_office,Dated registered office; not necessarily a working office or headquarters.,"[{""checked_on"": ""2026-09-12"", ""locator"": ""Registered office address block"", ""source_id"": ""source-734511806e681e2e3f10""}]"
address-dc200b64221e48d05c1b,firm-8,legal-GB-09174489,Cornerstone Research UK,"5th Floor 4 More London Riverside, London, England, SE1 2AU",2026-07-31,,,,,True,registered_office,Dated registered office; not necessarily a working office or headquarters.,"[{""checked_on"": ""2026-09-12"", ""locator"": ""Registered office address block"", ""source_id"": ""source-36eecf07811089e34627""}]"
address-a424f6519a90e2bbfd61,firm-81,legal-GB-OC307526,York Aviation LLP,"Smithfield House, 92 North Street, Leeds, England, LS2 7PN",2026-07-31,,,,,True,registered_office,Dated registered office; not necessarily a working office or headquarters.,"[{""checked_on"": ""2026-09-12"", ""locator"": ""Registered office address block"", ""source_id"": ""source-6ffb164ac3d278cedd23""}]"
address-e516528e68022094e24a,firm-82,legal-GB-02967706,Aviation Economics Ltd,"Appleton House 25 Rectory Road, West Bridgford, Nottingham, England, NG2 6BE",2026-07-31,,,,,True,registered_office,Dated registered office; not necessarily a working office or headquarters.,"[{""checked_on"": ""2026-09-12"", ""locator"": ""Registered office address block"", ""source_id"": ""source-327f72218c53ecae8ac6""}]"
address-a154929f97de02a19456,firm-84,legal-GB-06872377,Accuracy UK Ltd,"6 Bevis Marks, London, United Kingdom, EC3A 7BA",2026-07-31,,,,,True,registered_office,Dated registered office; not necessarily a working office or headquarters.,"[{""checked_on"": ""2026-09-12"", ""locator"": ""Registered office address block"", ""source_id"": ""source-9f85c7d3c0b552a1f59f""}]"
address-0e481f679083b3b16531,firm-85,legal-GB-09766786,Flint Global Ltd,"The Met Building, 22 Percy Street, London, United Kingdom, W1T 2BU",2026-09-12,,Active,2026-09-12,,True,registered_office,Dated registered office; not necessarily a working office or headquarters.,"[{""checked_on"": ""2026-09-12"", ""locator"": ""Companies House overview: Registered office address block"", ""source_id"": ""source-a17a53f3d601e9c4c28b""}]"
address-4a9c302a2ec4c7277408,firm-86,legal-GB-04161656,ICF Consulting Services Ltd,"1st Floor 62/63 Threadneedle Street, London, England, EC2R 8HP",2026-09-12,,Active,2026-09-12,,True,registered_office,Dated registered office; not necessarily a working office or headquarters.,"[{""checked_on"": ""2026-09-12"", ""locator"": ""Companies House overview: Registered office address block"", ""source_id"": ""source-8a593ca398f852d76f80""}]"
address-bccc8251e5afacb3ff7b,firm-87,legal-GB-02573801,AFRY Management Consulting,"King Charles House, Park End Street, Oxford, OX1 1JD",2026-09-12,,Active,2026-09-12,,True,registered_office,Dated registered office; not necessarily a working office or headquarters.,"[{""checked_on"": ""2026-09-12"", ""locator"": ""Companies House overview: Registered office address block"", ""source_id"": ""source-888844c8675a94e8121d""}]"
address-d386d28d9c1ca80f8a1d,firm-9,legal-GB-10629120,Analysis Group Ltd,"1 Angel Court, London, England, EC2R 7HJ",2026-07-31,,,,,True,registered_office,Dated registered office; not necessarily a working office or headquarters.,"[{""checked_on"": ""2026-09-12"", ""locator"": ""Registered office address block"", ""source_id"": ""source-d1d37c7d565ea1c05cfd""}]"
address-9f5e5a5a2849ca27ed26,firm-90,legal-GB-09035322,Simetrica-Jacobs Ltd,"The Shepherds Building, Charecroft Way, London, England, W14 0EE",2026-09-12,,Active,2026-09-12,,True,registered_office,Dated registered office; not necessarily a working office or headquarters.,"[{""checked_on"": ""2026-09-12"", ""locator"": ""Companies House overview: Registered office address block"", ""source_id"": ""source-c2e05036cf974393024e""}]"
address-5d67201b2947f834798e,firm-91,legal-GB-01762617,The Economist Intelligence Unit,"The Adelphi, 1 - 11 John Adam Street, London, England, WC2N 6HT",2026-07-31,,,,,True,registered_office,Dated registered office; not necessarily a working office or headquarters.,"[{""checked_on"": ""2026-09-12"", ""locator"": ""Registered office address block"", ""source_id"": ""source-c138b1bd77c067f254d4""}]"
address-b64aa0ec32844587a9e1,firm-92,legal-GB-05840846,Vivid Economics Ltd (acquired by McKinsey 2021; dissolved),"Post Building, 100 Museum Street, London, England, WC1A 1PB",2026-07-31,,,,,True,registered_office,Dated registered office; not necessarily a working office or headquarters.,"[{""checked_on"": ""2026-09-12"", ""locator"": ""Registered office address block"", ""source_id"": ""source-9efe565df1bf92e638fa""}]"
address-ec3213b96ecaa9688e2a,firm-93,legal-GB-09242255,Capital Economics Research Ltd,"100 Victoria Street, London, England, SW1E 5JL",2026-07-31,,,,,True,registered_office,Dated registered office; not necessarily a working office or headquarters.,"[{""checked_on"": ""2026-09-12"", ""locator"": ""Registered office address block"", ""source_id"": ""source-912264c624d012eccdbe""}]"
address-39ee5f8f6c072d92205d,firm-94,legal-GB-12589870,Buttermere Consulting Ltd,"843 Finchley Road, London, England, NW11 8NA",2026-07-31,,,,,True,registered_office,Dated registered office; not necessarily a working office or headquarters.,"[{""checked_on"": ""2026-09-12"", ""locator"": ""Registered office address block"", ""source_id"": ""source-e83cedca190cefd6e44f""}]"
address-363664efbfe13ab8e51a,firm-95,legal-GB-07858218,ECA Economics Ltd,"41 Lonsdale Road, London, NW6 6RA",2026-09-12,,Active,2026-09-12,,True,registered_office,Dated registered office; not necessarily a working office or headquarters.,"[{""checked_on"": ""2026-09-12"", ""locator"": ""Visible DOM text, Registered office address block"", ""source_id"": ""source-cfc64e73a3eb4b577c85""}]"
